total_nodes_misplaced,solution_length_misplaced,total_nodes_height_diff,solution_length_height_diff,total_nodes_h_max,solution_length_h_max,solution_lengths_identical,shared_states_misplaced_height_diff,unique_to_misplaced,unique_to_height_diff,avg_order_diff_misplaced_height_diff,max_order_diff_misplaced_height_diff,shared_states_misplaced_h_max,unique_to_h_max,avg_order_diff_misplaced_h_max,max_order_diff_misplaced_h_max,shared_states_height_diff_h_max,avg_order_diff_height_diff_h_max,max_order_diff_height_diff_h_max,num_blocks,num_stacks,num_moves
13,4,51,4,35,4,True,13,0,16,0.24461538461538462,0.42666666666666664,13,0,0.13122171945701358,0.31372549019607837,35,0.15085714285714286,0.2823529411764706,5,3,5
7,2,11,2,15,2,True,7,0,0,0.19999999999999998,0.4,7,4,0.2040816326530612,0.38095238095238093,11,0.06493506493506494,0.1428571428571429,5,3,5
11,3,31,3,11,3,True,11,0,20,0.16363636363636366,0.2666666666666667,11,0,0.0,0.0,11,0.16363636363636366,0.2666666666666667,5,3,5
5,1,5,1,5,1,True,5,0,0,0.0,0.0,5,0,0.0,0.0,5,0.0,0.0,5,3,5
9,3,21,3,11,3,True,9,0,10,0.2111111111111111,0.4,9,0,0.1,0.19999999999999996,11,0.19545454545454544,0.6,5,3,5
17,3,23,3,33,3,True,17,4,8,0.08288770053475936,0.26136363636363635,13,18,0.21153846153846154,0.5625,15,0.17859848484848484,0.5965909090909091,5,3,5
11,3,37,3,27,3,True,11,0,10,0.1388888888888889,0.2888888888888889,11,0,0.10909090909090909,0.24615384615384617,27,0.17149414371636595,0.43589743589743596,5,3,5
13,3,31,3,31,3,True,13,0,11,0.24871794871794872,0.5,13,11,0.21538461538461537,0.5,20,0.05500000000000001,0.2666666666666667,5,3,5
13,4,105,4,79,4,True,13,0,34,0.2943786982248521,0.5897435897435896,13,8,0.23570019723865876,0.4871794871794871,71,0.10062296858071505,0.423076923076923,5,3,5
9,2,11,2,13,2,True,9,0,2,0.1,0.19999999999999996,9,4,0.07407407407407408,0.16666666666666669,9,0.11851851851851852,0.25,5,3,5
11,3,19,3,31,3,True,11,0,0,0.10101010101010101,0.2222222222222222,11,12,0.1393939393939394,0.2666666666666667,19,0.11578947368421051,0.4444444444444445,5,3,5
13,3,29,3,25,3,True,13,0,8,0.15384615384615385,0.2857142857142857,13,4,0.1346153846153846,0.3333333333333333,21,0.21598639455782312,0.38095238095238093,5,3,5
9,3,21,3,19,3,True,9,0,4,0.14444444444444446,0.30000000000000004,9,2,0.08333333333333333,0.16666666666666669,17,0.10980392156862744,0.19999999999999996,5,3,5
13,3,15,3,25,3,True,13,2,4,0.0915750915750916,0.4047619047619048,11,14,0.07954545454545456,0.16666666666666666,11,0.09145021645021645,0.2142857142857143,5,3,5
25,4,91,4,72,4,True,25,0,24,0.25355555555555553,0.7222222222222223,25,5,0.23633802816901409,0.49530516431924887,67,0.13199495480344756,0.43395931142410016,5,3,5
25,4,116,4,70,4,True,25,0,50,0.22617391304347825,0.558695652173913,25,4,0.18492753623188407,0.6123188405797101,66,0.15423803249890206,0.5333333333333332,5,3,5
9,2,17,2,13,2,True,9,0,4,0.19444444444444445,0.375,9,0,0.16666666666666666,0.33333333333333337,13,0.057692307692307696,0.125,5,3,5
23,4,61,4,63,4,True,23,0,6,0.13353096179183135,0.503030303030303,23,8,0.1767180925666199,0.3519061583577712,55,0.14791788856304985,0.4516129032258065,5,3,5
9,2,17,2,13,2,True,9,0,4,0.19444444444444445,0.375,9,0,0.16666666666666666,0.33333333333333337,13,0.057692307692307696,0.125,5,3,5
11,3,37,3,35,3,True,11,0,4,0.15909090909090912,0.2888888888888889,11,2,0.13048128342245988,0.2823529411764706,33,0.18657159833630424,0.49019607843137253,5,3,5
33,4,116,4,100,4,True,33,0,38,0.27312252964426875,0.6559782608695652,33,22,0.24165901438628712,0.595959595959596,78,0.10087271826402262,0.38700043917435223,5,3,5
11,3,45,3,25,3,True,11,0,20,0.22107438016528924,0.40909090909090906,11,0,0.08712121212121214,0.23333333333333336,25,0.22515151515151516,0.4772727272727273,5,3,5
29,4,108,4,84,4,True,29,0,30,0.27118917176925555,0.6361815754339119,29,6,0.25820523473203155,0.6161790017211703,78,0.21980806042285606,0.5347370791577525,5,3,5
31,4,132,4,72,4,True,31,0,60,0.27714848559468114,0.5653944020356234,31,0,0.14519157958503712,0.415962441314554,72,0.17226642296527253,0.508117406730459,5,3,5
15,3,37,3,27,3,True,15,0,14,0.23148148148148148,0.4365079365079365,15,4,0.0695970695970696,0.19780219780219777,23,0.19518766257896694,0.4145299145299145,5,3,5
7,2,11,2,11,2,True,7,0,0,0.19999999999999998,0.4,7,0,0.19999999999999998,0.4,11,0.0,0.0,5,3,5
7,1,7,1,7,1,True,7,0,0,0.0,0.0,7,0,0.0,0.0,7,0.0,0.0,5,3,5
36,4,75,4,74,4,True,36,4,23,0.19707207207207206,0.5401544401544401,32,22,0.25133317025440316,0.5033268101761252,52,0.10982399681029818,0.32117734172528695,5,3,5
21,4,93,4,58,4,True,21,0,41,0.27432712215320915,0.5913043478260869,21,6,0.28613199665831246,0.5842105263157895,52,0.19732441471571904,0.5469107551487414,5,3,5
31,5,182,5,168,5,True,31,0,45,0.23199073248975227,0.6563535911602211,31,31,0.25461979267271906,0.6682634730538922,137,0.114224509001113,0.4147285539418401,5,3,5
19,4,88,4,100,4,True,19,0,14,0.30943738656987296,0.5708812260536399,19,26,0.2942583732057416,0.5454545454545454,74,0.11016973085938604,0.4994775339602926,5,3,5
23,3,51,3,36,3,True,23,0,16,0.19573122529644268,0.5381818181818182,23,1,0.17859966120835688,0.47532467532467537,35,0.17134693877551022,0.6,5,3,5
24,3,24,3,34,3,True,24,2,2,0.0,0.0,22,12,0.15666546891843336,0.3241106719367589,22,0.15666546891843336,0.3241106719367589,5,3,5
11,3,23,3,33,3,True,11,0,4,0.2066115702479339,0.36363636363636365,11,14,0.23011363636363635,0.4125,19,0.09255382775119618,0.25,5,3,5
23,4,93,4,59,4,True,23,0,34,0.30103969754253307,0.5830039525691699,23,0,0.22038980509745126,0.5297805642633229,59,0.14609432571849668,0.3916791604197902,5,3,5
21,4,87,4,59,4,True,21,0,28,0.2707641196013289,0.6372093023255814,21,0,0.25862068965517243,0.48965517241379314,59,0.14309597270737906,0.2698476343223737,5,3,5
24,3,48,3,44,3,True,24,0,12,0.10672987974098057,0.2294172062904718,24,8,0.1029659588810246,0.25884732052578363,36,0.035364780911539946,0.08659079663532909,5,3,5
9,2,17,2,15,2,True,9,0,4,0.1388888888888889,0.25,9,2,0.09523809523809525,0.2142857142857143,13,0.09752747252747253,0.25,5,3,5
5,2,5,2,7,2,True,5,0,0,0.0,0.0,5,2,0.06666666666666668,0.16666666666666669,5,0.06666666666666668,0.16666666666666669,5,3,5
11,2,15,2,15,2,True,11,0,0,0.14285714285714285,0.2857142857142857,11,0,0.14285714285714285,0.2857142857142857,15,0.0,0.0,5,3,5
35,4,118,4,86,4,True,35,0,34,0.23373554550025136,0.5424836601307189,35,4,0.2445378151260504,0.611764705882353,82,0.1454548798881654,0.5233785822021115,5,3,5
15,3,39,3,19,3,True,15,0,20,0.24561403508771928,0.4511278195488722,15,0,0.06455026455026455,0.15873015873015872,19,0.19667590027700832,0.368421052631579,5,3,5
17,3,28,3,30,3,True,17,0,3,0.14215686274509806,0.5277777777777778,17,5,0.2079107505070994,0.3793103448275862,25,0.16694763729246487,0.4150702426564496,5,3,5
15,4,105,4,71,4,True,15,0,47,0.1433150183150183,0.3983516483516483,15,13,0.16952380952380952,0.39999999999999997,58,0.11915971959075407,0.37032967032967035,5,3,5
9,3,21,3,27,3,True,9,0,0,0.25555555555555554,0.45,9,6,0.31196581196581197,0.5384615384615384,21,0.11538461538461538,0.23076923076923073,5,3,5
33,4,128,4,90,4,True,33,0,48,0.2656883798616082,0.6392716535433071,33,10,0.2442969016002724,0.5154494382022472,80,0.17613023091214722,0.5433070866141732,5,3,5
30,4,98,4,86,4,True,30,0,27,0.25945017182130586,0.6317099182367579,30,15,0.23960784313725492,0.5200811359026369,71,0.08287054040434236,0.6526379624014553,5,3,5
15,4,69,4,53,4,True,15,0,20,0.15364145658263303,0.3067226890756302,15,4,0.17234432234432231,0.41758241758241754,49,0.12531166312678918,0.332579185520362,5,3,5
15,4,63,4,45,4,True,15,0,22,0.1622119815668203,0.44239631336405527,15,4,0.13744588744588743,0.3896103896103896,41,0.08740433445390174,0.25439882697947214,5,3,5
30,4,69,4,87,4,True,29,0,10,0.1914912219346716,0.5481744421906694,30,29,0.2717054263565891,0.640737770649559,58,0.15436459266946556,0.500341997264022,5,3,5
9,3,21,3,19,3,True,9,0,4,0.14444444444444446,0.30000000000000004,9,2,0.08333333333333333,0.16666666666666669,17,0.10980392156862744,0.19999999999999996,5,3,8
5,1,5,1,7,1,True,5,0,0,0.0,0.0,5,2,0.16666666666666669,0.33333333333333337,5,0.16666666666666669,0.33333333333333337,5,3,8
19,4,89,4,79,4,True,19,0,29,0.3642344497607655,0.6641414141414141,19,19,0.20917678812415655,0.4145299145299145,60,0.23377525252525252,0.6386946386946386,5,3,8
15,3,27,3,41,3,True,15,0,0,0.18974358974358976,0.32967032967032966,15,14,0.27166666666666667,0.4642857142857143,27,0.13055555555555556,0.25,5,3,8
62,5,278,5,201,5,True,62,0,83,0.2773378362641202,0.7086465052967983,62,6,0.265241935483871,0.5680327868852459,195,0.16348347681199665,0.4981949458483754,5,3,8
63,5,206,5,173,5,True,63,0,49,0.23844367015098722,0.5412273800157357,63,16,0.23569582871908454,0.5217554388597149,157,0.170017991914477,0.7639818491208168,5,3,8
13,5,39,5,119,5,True,13,0,8,0.2125506072874494,0.3508771929824561,13,88,0.17275097783572363,0.4322033898305085,31,0.16871456936491036,0.41480820695807313,5,3,8
59,5,177,5,193,5,True,59,0,50,0.20156341320864993,0.5721003134796239,59,66,0.2732898646015975,0.6677442528735632,127,0.20647294798377475,0.5809659090909092,5,3,8
33,4,117,4,86,4,True,33,0,40,0.31347962382445144,0.6228448275862069,33,9,0.2270276292335116,0.6316176470588235,77,0.17976344142672745,0.4009127789046653,5,3,8
61,5,130,5,132,5,True,61,2,29,0.21266997077138136,0.5383720930232558,59,30,0.24733902617846207,0.5217557251908397,101,0.12348729991053428,0.4933428013491923,5,3,8
43,5,270,5,73,5,True,43,2,197,0.34014869888475835,0.7277394229067091,41,0,0.24278939217963608,0.5595238095238095,73,0.3064778507692395,0.7525299463031805,5,3,8
60,5,197,5,178,5,True,57,1,62,0.26009484971508673,0.6042026980283639,59,42,0.22570142679306712,0.6779661016949152,135,0.14820942815293098,0.4592701487374611,5,3,8
90,6,532,6,384,6,True,89,0,163,0.3315485237815709,0.7312046382699592,89,17,0.3271730664067457,0.7534543961040866,366,0.13469249575848669,0.6130312283341446,5,3,8
13,4,37,4,32,4,True,13,0,14,0.1282051282051282,0.2222222222222222,13,9,0.18031430934656742,0.38172043010752693,23,0.09580021817048466,0.34946236559139787,5,3,8
68,7,571,7,358,7,True,68,0,236,0.3569143446852425,0.9017543859649123,68,23,0.2977426264623496,0.7387014507295455,335,0.15692893339582495,0.6390092879256966,5,3,8
39,5,142,5,145,5,True,34,0,35,0.2498243418307973,0.5565509518477044,39,40,0.2193076173339331,0.45723684210526316,105,0.1434326804007655,0.6442080378250591,5,3,8
17,3,28,3,24,3,True,17,0,7,0.14215686274509806,0.37962962962962965,17,3,0.15952685421994883,0.31521739130434784,21,0.14569434859289931,0.2995169082125604,5,3,8
51,6,488,6,360,6,True,51,0,172,0.24845593268108065,0.7044763860369609,51,44,0.2677098694631056,0.5411699164345405,316,0.17551034415699554,0.5938181007018125,5,3,8
9,3,21,3,15,3,True,9,0,6,0.2111111111111111,0.4,9,0,0.1507936507936508,0.2857142857142857,15,0.09666666666666666,0.19999999999999996,5,3,8
103,6,505,6,355,6,True,103,0,164,0.31006318384959164,0.7027310924369747,103,14,0.29825571828204706,0.6409106015287471,338,0.1698359767134213,0.7161689534570891,5,3,8
42,5,123,5,156,5,True,35,0,50,0.2377620380419261,0.5845661735305878,42,81,0.18752763103667902,0.5825334382376082,73,0.232852082322175,0.6822845055526177,5,3,8
39,5,76,5,83,5,True,39,1,7,0.1864957264957265,0.3764912280701755,38,14,0.1837544760489156,0.4537869062901156,69,0.12270060091905267,0.3050406504065041,5,3,8
5,1,5,1,5,1,True,5,0,0,0.0,0.0,5,0,0.0,0.0,5,0.0,0.0,5,3,8
13,3,37,3,29,3,True,13,0,10,0.29059829059829057,0.5555555555555556,13,2,0.20879120879120877,0.4761904761904762,27,0.12727807172251615,0.31746031746031744,5,3,8
21,3,38,3,42,3,True,21,0,13,0.08687258687258687,0.28378378378378377,21,17,0.19175377468060398,0.4609756097560976,25,0.20065919578114702,0.3230059327620303,5,3,8
33,4,92,4,83,4,True,33,0,18,0.19896769896769895,0.5521978021978022,33,9,0.22394678492239467,0.5335365853658536,74,0.11900113729382021,0.4095416778343607,5,3,8
21,5,130,5,97,5,True,21,0,39,0.21897379106681433,0.4434108527131783,21,6,0.19682539682539685,0.4125,91,0.08273436834483346,0.6124031007751938,5,3,8
29,4,73,4,61,4,True,29,0,28,0.19204980842911878,0.5317460317460319,29,16,0.1908045977011494,0.5785714285714286,45,0.1280246913580247,0.3138888888888889,5,3,8
25,5,168,5,71,5,True,25,2,103,0.22800399201596808,0.5948103792415169,23,5,0.1591614906832298,0.5238095238095237,65,0.18375337237612685,0.3721129170230966,5,3,8
59,5,162,5,169,5,True,59,3,27,0.2552301331174606,0.544656243306918,56,34,0.20811341778090547,0.4020935960591133,135,0.1317997086113028,0.5913561076604554,5,3,8
33,4,104,4,46,4,True,33,2,58,0.2599293909973522,0.5946601941747574,31,0,0.20172491039426524,0.475,46,0.22575864171474133,0.6295577130528587,5,3,8
96,6,464,6,347,6,True,93,0,120,0.3461534418502887,0.7440718426736387,93,6,0.3133062471580779,0.7153635533921509,341,0.12019945698429865,0.5804005043758349,5,3,8
37,5,259,5,210,5,True,37,0,58,0.3462183113345904,0.7790697674418605,37,12,0.35128669339195656,0.766347687400319,198,0.1064633576595299,0.5264641519231482,5,3,8
11,2,19,2,11,2,True,11,0,8,0.10909090909090909,0.26666666666666666,11,0,0.0,0.0,11,0.10909090909090909,0.26666666666666666,5,3,8
17,4,73,4,48,4,True,17,0,34,0.2042483660130719,0.47916666666666663,17,9,0.1595744680851064,0.324468085106383,39,0.3003046008365157,0.741725768321513,5,3,8
100,6,526,6,372,6,True,100,0,163,0.33740952380952377,0.8264357864357864,100,7,0.3084916550954287,0.7217457594816086,360,0.1567056004791854,0.5428571428571428,5,3,8
39,5,161,5,83,5,True,39,2,84,0.2668437921727395,0.7546052631578947,37,6,0.18839121534885334,0.503209242618742,77,0.15948685460880585,0.7542682926829268,5,3,8
36,4,103,4,79,4,True,36,0,27,0.2488095238095238,0.4551820728291316,36,4,0.22245624745624745,0.4981684981684981,75,0.15123177476118654,0.4366515837104072,5,3,8
95,6,495,6,345,6,True,95,0,156,0.35947654043369254,0.8451201653889223,95,17,0.28432120628141355,0.7579168728352301,326,0.15428226173058007,0.5437341116655682,5,3,8
17,5,165,5,149,5,True,17,0,55,0.11280487804878049,0.2820121951219512,17,39,0.13016693163751986,0.34121621621621623,110,0.1597920536944927,0.5519116677653264,5,3,8
13,3,23,3,35,3,True,13,0,6,0.1853146853146853,0.37878787878787884,13,18,0.2692307692307692,0.5392156862745099,17,0.0817867253853413,0.160427807486631,5,3,8
43,6,412,6,223,6,True,43,0,211,0.25020814640573596,0.7705943691345152,43,22,0.27173685313220197,0.5321750321750321,201,0.24117084728262417,0.8493456960610245,5,3,8
17,5,247,5,146,5,True,17,0,114,0.1520803443328551,0.35060975609756095,17,13,0.26064908722109537,0.44482758620689655,133,0.22428801187156286,0.8866834875245304,5,3,8
45,5,271,5,175,5,True,45,0,104,0.3279012345679012,0.7387205387205387,45,8,0.3203065134099617,0.6896551724137931,167,0.17122842437729904,0.48020434227330777,5,3,8
159,7,598,7,657,7,True,159,0,98,0.3093507369130769,0.7304984839810869,159,171,0.2957604693971468,0.6358443964186478,480,0.13653926602865277,0.4951740409363892,5,3,8
185,7,846,7,720,7,True,185,0,188,0.28431737114011363,0.8191149987136609,185,110,0.3296417206951161,0.7169831287416097,610,0.18342460798597332,0.6780456090395108,5,3,8
122,7,626,7,513,7,True,117,0,177,0.3082763862400226,0.8877487603305785,122,74,0.2969971199278553,0.8288675103305785,433,0.13085723874133948,0.6240875,5,3,8
120,7,793,7,562,7,True,116,0,251,0.3128452007762353,0.8447818521347933,116,23,0.319474811868321,0.8283677107206519,537,0.1451581761309004,0.611779560308972,5,3,8
206,7,483,7,665,7,True,200,0,75,0.21985679587086326,0.7053435887055967,206,253,0.2958820244273328,0.6950705260064649,408,0.13785585348472237,0.6947207918812178,5,3,8
139,7,443,7,744,7,True,137,2,71,0.1968596241562807,0.7049314709161256,137,388,0.34916386645611874,0.6928335966606198,355,0.220576196777383,0.7544441940768438,5,3,8
17,4,57,4,63,4,True,17,0,10,0.25210084033613445,0.5,17,16,0.20398481973434535,0.3709677419354839,47,0.1722595352485538,0.6382488479262673,5,3,11
30,4,98,4,87,4,True,30,0,24,0.2646048109965636,0.5151084251688589,30,13,0.23372093023255813,0.504410585404972,74,0.10987545925210754,0.5483097578518341,5,3,11
15,4,75,4,65,4,True,15,0,16,0.2684684684684685,0.4633204633204633,15,6,0.18794642857142857,0.4151785714285714,59,0.21900051534585432,0.5050675675675675,5,3,11
13,3,33,3,27,3,True,13,0,10,0.09455128205128203,0.20833333333333331,13,4,0.15088757396449703,0.3589743589743589,23,0.18467809364548496,0.4014423076923077,5,3,11
13,3,38,3,39,3,True,13,0,3,0.2259182259182259,0.6171171171171171,13,4,0.2206477732793522,0.46491228070175444,35,0.14336516968095914,0.24822190611664297,5,3,11
70,6,366,6,331,6,True,70,0,96,0.3646183953033268,0.8203295612467738,70,59,0.3064935064935065,0.6205533596837944,270,0.19612333379456667,0.6776670817766708,5,3,11
188,7,630,7,593,7,True,187,4,183,0.30417288517319974,0.760225466107819,183,144,0.2844277498327643,0.7522673074143662,446,0.1864586823700514,0.8153815580286168,5,3,11
161,7,431,7,532,7,True,161,1,54,0.24594828831431462,0.7031976744186046,160,157,0.2899361464218456,0.8176553672316385,372,0.18697160165747653,0.6134191740025402,5,3,11
136,7,875,7,576,7,True,135,0,311,0.3414734456466807,0.8508348165098737,135,14,0.3066342219836584,0.7005475040257649,561,0.16213373470877848,0.5924942791762015,5,3,11
176,7,825,7,689,7,True,176,0,228,0.30259129523389233,0.7508529819694868,176,97,0.29958929515252186,0.6640863787375415,590,0.12240704084405173,0.5006773538044706,5,3,11
17,3,52,3,59,3,True,17,0,7,0.2808535178777393,0.6004901960784313,17,14,0.26267748478701824,0.5646551724137931,45,0.10178048230786566,0.4137931034482759,5,3,11
89,6,328,6,247,6,True,87,2,109,0.22498913526278286,0.7578885182096191,87,33,0.2510035170884624,0.6686067997043607,212,0.15945996248087804,0.7493846498098008,5,3,11
219,7,839,7,709,7,True,218,0,154,0.2937073472637064,0.7618510652273872,218,28,0.2677570702308248,0.6872181620276785,679,0.10312631431180416,0.5166659924760325,5,3,11
35,6,417,6,342,6,True,35,0,124,0.328228021978022,0.5783371040723981,35,50,0.29698366149979055,0.5532171813006728,292,0.14665704310603228,0.54631457252425,5,3,11
171,8,946,8,1012,8,True,171,0,125,0.35073176769083203,0.7939620292561469,171,207,0.3301349074865166,0.778285913772037,793,0.15826525129438979,0.6809570910461118,5,3,11
215,7,877,7,648,7,True,211,0,252,0.2676530829148264,0.7008812358639526,211,22,0.26543635420024714,0.7724002946741972,617,0.1489897618153869,0.7111872146118721,5,3,11
27,5,177,5,152,5,True,27,0,41,0.2236305361305361,0.5218531468531469,27,16,0.20787343635025757,0.40906775343861435,136,0.14333808478237775,0.4545454545454546,5,3,11
256,8,1308,8,1119,8,True,255,0,260,0.3346591608724442,0.871170319696356,255,99,0.31011851090711634,0.760977235259041,1007,0.17025536911882747,0.6854080067012221,5,3,11
29,5,193,5,118,5,True,29,0,98,0.2719109195402299,0.6413690476190477,29,23,0.243042398214812,0.5775335775335775,95,0.17179627755285648,0.6006944444444444,5,3,11
11,3,19,3,25,3,True,11,0,0,0.1494949494949495,0.3555555555555556,11,6,0.1659090909090909,0.38333333333333336,19,0.04312865497076023,0.125,5,3,11
191,7,651,7,695,7,True,191,0,124,0.27266930919727833,0.6871255060728745,191,178,0.3038610679421217,0.6704535112998635,514,0.1580968268659317,0.571163821769009,5,3,11
230,8,1383,8,1088,8,True,229,0,306,0.36179604611685307,0.8396318227491327,229,20,0.32179264077506153,0.8100818325345589,1060,0.12002744038997416,0.6196717688455993,5,3,11
43,6,238,6,181,6,True,42,0,68,0.2957748500243979,0.8342374924653405,42,14,0.29452003023431594,0.6952380952380952,167,0.20156859277226138,0.6644163150492265,5,3,11
88,6,176,6,308,6,True,88,0,32,0.17758471413643828,0.5929720853858784,88,163,0.2700621853716316,0.603991164027107,144,0.18331123002947108,0.5416472778036296,5,3,11
102,6,478,6,359,6,True,102,0,133,0.3178978090187857,0.7763663158768708,102,16,0.24381093219410668,0.7443166104319929,342,0.14533993817879987,0.5283077427590972,5,3,11
68,5,210,5,181,5,True,68,1,73,0.24992963692654094,0.6957080625580233,67,44,0.18549417093636297,0.5055555555555555,137,0.22250006790921123,0.6556618819776714,5,3,11
202,7,825,7,662,7,True,201,0,185,0.33296626080821323,0.7833828430662223,201,24,0.2836178505639811,0.6923928014993113,635,0.12769088529158656,0.6315985635180588,5,3,11
194,8,885,8,1099,8,True,192,4,122,0.3211007468700912,0.768879094084824,188,378,0.34903969976580224,0.6795067810526911,710,0.2264864686972066,0.7466516661309333,5,3,11
27,5,202,5,111,5,True,27,6,99,0.31002395430256124,0.7267508610792193,21,8,0.21052281052281052,0.513986013986014,103,0.13852054818581408,0.5603346901854365,5,3,11
108,6,482,6,194,6,True,108,12,287,0.32293832293832286,0.7588357588357588,96,0,0.16513122851193646,0.42603263764466603,192,0.24887847442899255,0.7426561675266339,5,3,11
99,6,541,6,343,6,True,98,1,192,0.3059408116988292,0.744066515495087,97,7,0.2796719338847856,0.7170306719178899,333,0.17944377125663677,0.5987329434697856,5,3,11
287,8,1362,8,1049,8,True,285,2,335,0.347236731454992,0.725731285613725,283,37,0.29898061639490714,0.7516548337159025,1006,0.12213661497036815,0.5319169223348346,5,3,11
9,3,25,3,19,3,True,9,0,8,0.16666666666666666,0.33333333333333337,9,2,0.08333333333333333,0.16666666666666669,17,0.1111111111111111,0.2222222222222222,5,3,11
25,5,116,5,159,5,True,25,0,23,0.12710144927536232,0.39565217391304347,25,66,0.2856118143459916,0.6181434599156118,93,0.2515288701096573,0.7287286736378646,5,3,11
19,5,181,5,132,5,True,19,0,78,0.2552631578947368,0.55,19,29,0.20925405115843043,0.5182357930449534,103,0.25009799319811915,0.7633163698049195,5,3,11
21,6,161,6,126,6,True,21,0,78,0.2523809523809524,0.5375000000000001,21,43,0.24514285714285716,0.604,83,0.23485843373493975,0.6585,5,3,11
11,3,27,3,13,3,True,11,0,16,0.13986013986013987,0.3076923076923077,11,2,0.04090909090909091,0.09999999999999998,11,0.13228438228438227,0.391025641025641,5,3,11
58,6,74,6,158,6,True,56,0,3,0.14303309643972947,0.6322999279019466,58,88,0.2875027454425653,0.6862219242373448,69,0.22202074078570172,0.6480237326585813,5,3,11
508,9,1868,9,1575,9,True,506,0,353,0.31501051037427424,0.8244290696188022,506,105,0.2916728541800255,0.651091830008847,1460,0.13180419103242327,0.5749641503026212,5,3,11
66,7,551,7,620,7,True,66,0,89,0.3361114642932825,0.7572027972027972,66,164,0.3543161200673317,0.7426867155461663,447,0.1333200005388315,0.5530121897488618,5,3,11
173,8,1213,8,984,8,True,173,3,287,0.36719510101299146,0.8817829457364341,170,59,0.32688157640211923,0.7161454020677092,881,0.19095488146034306,0.808945975981118,5,3,11
11,2,17,2,15,2,True,11,0,6,0.09659090909090909,0.22499999999999998,11,4,0.14285714285714285,0.2857142857142857,11,0.08035714285714285,0.1875,5,3,11
23,3,51,3,41,3,True,23,0,11,0.19573122529644268,0.6181818181818182,23,1,0.17816205533596838,0.3681818181818182,40,0.133125,0.33999999999999997,5,3,11
85,7,685,7,528,7,True,85,0,243,0.31961521450685537,0.8162071846282373,85,98,0.36019751354052054,0.7812415288696123,430,0.17246105902120526,0.6287714859571446,5,3,11
378,8,1438,8,1051,8,True,377,0,346,0.30135827923835234,0.7611366149268388,377,48,0.2581176456398262,0.6826828344069724,987,0.15645431770185086,0.6542578785167512,5,3,11
112,7,682,7,572,7,True,110,0,201,0.33497277814458426,0.9434059610271064,110,84,0.3314813300802793,0.8869061706189553,477,0.14550350234392379,0.5349272600559083,5,3,11
193,7,899,7,606,7,True,190,0,291,0.3466627837689994,0.8186363214550854,190,13,0.2833829926054806,0.7354683195592286,588,0.15307618749611054,0.6104400964494101,5,3,11
178,8,1158,8,955,8,True,178,1,276,0.3415107278683826,0.8399328088911026,177,113,0.31580100098146857,0.8391962477347831,819,0.15556710408120744,0.7552361072606992,5,3,11
543,9,1590,9,1667,9,True,534,0,176,0.27223973192914275,0.7685088210227602,535,263,0.287819032154711,0.7658022618641552,1352,0.16267448902768364,0.5959987519236769,5,3,11
481,9,1533,9,1820,9,True,465,0,147,0.2778565044873055,0.783077676240209,473,497,0.3196082596165059,0.773006001466007,1281,0.14792639887527098,0.6449409123596732,5,3,11
21,2,32,2,54,2,True,21,0,0,0.08955453149001535,0.2129032258064516,21,22,0.1546271338724169,0.37358490566037733,32,0.10637933657942789,0.3858794887401096,7,4,5
19,2,44,2,73,2,True,19,0,11,0.17074663402692777,0.38759689922480617,19,40,0.30774853801169594,0.5555555555555556,33,0.21768068279696187,0.5213178294573644,7,4,5
22,3,96,3,85,3,True,22,0,38,0.1993620414673046,0.4932330827067669,22,27,0.2094155844155844,0.5357142857142857,58,0.10237231008555872,0.43558897243107764,7,4,5
25,3,93,3,118,3,True,25,0,33,0.2808695652173913,0.4891304347826087,25,58,0.2312820512820513,0.4423076923076923,60,0.11280348073826335,0.25919732441471566,7,4,5
24,3,60,3,84,3,True,24,0,3,0.1807909604519774,0.3389830508474576,24,27,0.2419678714859438,0.6165531691985333,57,0.07592905072565015,0.5895446191545844,7,4,5
10,2,22,2,27,2,True,10,0,5,0.2,0.38095238095238093,10,10,0.17435897435897435,0.43589743589743585,17,0.1702219349278173,0.3498168498168498,7,4,5
88,4,277,4,450,4,True,88,3,92,0.20903042796783425,0.6544227886056971,85,270,0.26360855992807997,0.6351790697079077,180,0.22253253786370858,0.8406442658403538,7,4,5
105,4,807,4,424,4,True,105,0,485,0.28287841191067,0.6535359801488834,105,108,0.24132612856017113,0.5933578832515003,316,0.17461010023649573,0.7514416110847133,7,4,5
47,4,323,4,487,4,True,47,0,104,0.25459230870886745,0.4285714285714286,47,268,0.29494105061994874,0.7057613168724279,219,0.15594728345925046,0.4938782813178948,7,4,5
34,4,463,4,470,4,True,34,0,233,0.17086834733893558,0.35497835497835495,34,238,0.24734235620978381,0.6590424500872263,230,0.17648235389961542,0.8317180332105705,7,4,5
34,4,408,4,490,4,True,34,0,73,0.18061376884906297,0.5798525798525799,34,160,0.2717375851623416,0.6056887897378694,330,0.15845222091736313,0.8387975259140903,7,4,5
24,2,38,2,41,2,True,24,0,5,0.12406972189580884,0.29612220916568743,24,8,0.139356884057971,0.33260869565217394,33,0.02553235053235053,0.22972972972972971,7,4,5
16,3,100,3,94,3,True,16,0,14,0.18813131313131312,0.46868686868686865,16,10,0.34946236559139787,0.6451612903225806,84,0.18608124253285543,0.6894753991528184,7,4,5
22,3,43,3,151,3,True,22,0,0,0.19155844155844157,0.35714285714285715,22,108,0.20575757575757575,0.4676190476190476,43,0.19789590254706535,0.3714285714285714,7,4,5
68,4,226,4,455,4,True,63,0,68,0.13676906472926373,0.4634162520729685,68,287,0.3031162856358271,0.7445262673417055,146,0.35244275474557296,0.861076847772883,7,4,5
22,3,52,3,135,3,True,22,0,23,0.1657754010695187,0.3025210084033614,22,106,0.25135685210312075,0.535181236673774,29,0.07761900436963257,0.23266022827041263,7,4,5
24,3,156,3,127,3,True,24,0,46,0.35241935483870973,0.7147265077138849,24,16,0.29521680691912106,0.7244039270687237,108,0.21185782556750296,0.6725806451612903,7,4,5
37,4,297,4,282,4,True,37,0,159,0.3022279035792549,0.5123873873873874,37,144,0.22353136054203668,0.6076512455516014,138,0.17925530357837335,0.5851207078965086,7,4,5
31,3,156,3,143,3,True,31,0,68,0.24027055150884494,0.4483870967741935,31,55,0.21194911403907316,0.6694835680751174,88,0.108886456569328,0.45665606542480686,7,4,5
24,3,123,3,88,3,True,24,0,58,0.2797131147540984,0.5292230933713471,24,23,0.24825087456271863,0.5862068965517242,63,0.18420863728947393,0.5685886564914264,7,4,5
19,2,62,2,47,2,True,19,0,25,0.19207170932796472,0.4699453551912568,19,10,0.17060767861683193,0.40579710144927533,37,0.05971759357361638,0.47647897362794017,7,4,5
37,4,360,4,140,4,True,37,0,285,0.1648347511857261,0.31337047353760444,37,65,0.09882904487221034,0.24700239808153474,75,0.14023099069490924,0.44510130057513875,7,4,5
30,3,38,3,22,3,True,24,8,22,0.07820751786269027,0.15657036346691522,22,6,0.11792804896253171,0.5041050903119868,16,0.0888030888030888,0.601029601029601,7,4,5
22,2,62,2,59,2,True,22,0,16,0.1434958484138812,0.37470725995316156,22,13,0.1438274369308852,0.3645320197044335,46,0.08684592130164426,0.3080836630864895,7,4,5
13,2,19,2,29,2,True,13,0,0,0.16666666666666666,0.33333333333333337,13,10,0.2857142857142857,0.5714285714285714,19,0.12406015037593986,0.23809523809523808,7,4,5
45,3,192,3,182,3,True,45,0,60,0.19947643979057592,0.39386006663493567,45,50,0.22056476365868632,0.5160723254645906,132,0.15011399465132363,0.4088108530271037,7,4,5
22,3,98,3,65,3,True,22,0,57,0.10523497121435264,0.33578792341678937,22,27,0.10227272727272728,0.28794642857142855,38,0.11497473548562126,0.3795103092783505,7,4,5
35,3,107,3,75,3,True,35,8,57,0.20080862533692723,0.374583795782464,27,27,0.2250191367838427,0.49364069952305245,48,0.1619496855345912,0.6925038245792963,7,4,5
25,3,180,3,162,3,True,25,0,41,0.23877094972067037,0.5488826815642458,25,26,0.21397515527950312,0.5139751552795031,136,0.1801367255670789,0.6422846039071446,7,4,5
13,2,27,2,24,2,True,13,0,3,0.16272189349112426,0.3076923076923077,13,0,0.11204013377926422,0.24275362318840576,24,0.1152452619843924,0.3311036789297659,7,4,5
1,0,1,0,1,0,True,1,0,0,-1.0,-1.0,1,0,-1.0,-1.0,1,-1.0,-1.0,7,4,5
22,2,22,2,64,2,True,22,0,0,0.0,0.0,22,42,0.15945165945165946,0.38095238095238093,22,0.15945165945165946,0.38095238095238093,7,4,5
90,4,547,4,831,4,True,90,5,186,0.2745421245421245,0.8611556982343499,85,475,0.33433965870089744,0.6668471639366454,356,0.16999669253628913,0.6468687938567457,7,4,5
31,3,141,3,218,3,True,31,0,19,0.15360983102918588,0.3928571428571428,31,100,0.2906942173331351,0.6649769585253457,118,0.240027727876279,0.6357142857142857,7,4,5
25,3,175,3,111,3,True,25,0,108,0.22137931034482758,0.43103448275862066,25,45,0.20836363636363636,0.4590909090909091,66,0.11281150058579525,0.6448275862068966,7,4,5
36,4,81,4,446,4,True,36,0,26,0.22812500000000002,0.44999999999999996,36,382,0.2902621722846442,0.7630818619582664,55,0.20393513789581205,0.47612359550561795,7,4,5
30,3,143,3,238,3,True,30,0,33,0.30422535211267604,0.6852841185041283,30,130,0.37074542897327706,0.6898006692856103,108,0.15106371153943507,0.6916265525643311,7,4,5
25,3,55,3,141,3,True,25,0,18,0.17777777777777778,0.3472222222222222,25,104,0.15580952380952381,0.5857142857142857,37,0.16673101673101673,0.6761904761904762,7,4,5
89,4,602,4,583,4,True,83,0,269,0.26889056756446444,0.6510172439872939,89,260,0.2801845631105448,0.6003592627303967,323,0.14825416336717678,0.5854618019223401,7,4,5
84,5,1142,5,252,5,True,82,17,899,0.3469300557867304,0.6882569717960361,65,34,0.16271448035476258,0.7157874525992416,213,0.2597731100180303,0.9495654542216759,7,4,5
39,4,515,4,616,4,True,39,0,256,0.2637433902025341,0.5012287528158919,39,381,0.3092974775901605,0.6681215233204963,235,0.28536754980928397,0.7426149125304482,7,4,5
124,4,725,4,691,4,True,124,0,257,0.2892758018874076,0.7456093069217985,124,223,0.36334735857877515,0.8091905266878755,468,0.1761967539982193,0.6620986468091921,7,4,5
31,3,155,3,140,3,True,31,0,94,0.11579388353581901,0.3220779220779221,31,81,0.23497331167324204,0.7299760191846523,59,0.1519904921319383,0.6620106512192843,7,4,5
42,4,426,4,317,4,True,42,4,249,0.12393249982919997,0.36137733142037304,38,140,0.23224760728619942,0.43092003704847176,177,0.1737374795444889,0.6318763961280714,7,4,5
39,3,196,3,270,3,True,39,0,15,0.2865877712031558,0.697165991902834,39,91,0.3942903441044705,0.6779495206417531,179,0.1570878789960429,0.5901439328948623,7,4,5
34,5,492,5,633,5,True,34,0,265,0.2676410686474182,0.480836882058878,34,406,0.28122673119880864,0.801975450709628,227,0.1128808771459005,0.46934697981386475,7,4,5
42,4,326,4,491,4,True,42,0,118,0.22175288126507636,0.5165478424015009,42,291,0.35189504373177843,0.7760079641612743,199,0.2339961976286456,0.8825745682888541,7,4,5
48,5,1279,5,1734,5,True,48,0,564,0.33801186750130413,0.6310391902240868,48,1045,0.3785583766108867,0.7215258253428442,689,0.1938662927564798,0.7569715916838468,7,4,5
51,5,738,5,1307,5,True,47,0,335,0.34616415023528396,0.9755766621438263,47,857,0.3748682024046137,0.9762633996937213,403,0.1999462583261221,0.8111160056601303,7,4,5
188,5,1724,5,2334,5,True,181,4,538,0.33048914715242184,0.8350098230607602,177,1116,0.3999305257408359,0.8766981990551744,1132,0.24280529468339687,0.8075123409139703,7,4,5
19,3,61,3,124,3,True,19,0,7,0.3105263157894737,0.5833333333333334,19,70,0.3780487804878049,0.7113821138211383,54,0.09743300210779886,0.2703252032520326,7,4,8
16,2,25,2,43,2,True,16,0,0,0.1875,0.375,16,18,0.29464285714285715,0.5714285714285714,25,0.10380952380952381,0.38095238095238093,7,4,8
19,3,147,3,160,3,True,19,0,35,0.25450612833453495,0.5875190258751902,19,50,0.3533598146309169,0.8197064989517819,110,0.18594852635948528,0.6575773240286034,7,4,8
33,4,437,4,342,4,True,33,0,173,0.29990269669168756,0.6201261467889908,33,84,0.24820047987203414,0.5574596774193549,256,0.2265791574463935,0.8007681132126234,7,4,8
36,4,561,4,441,4,True,36,0,267,0.11562499999999999,0.2732142857142857,36,147,0.18371212121212122,0.6782467532467533,294,0.19393718526371587,0.7521103896103896,7,4,8
38,4,491,4,435,4,True,38,0,179,0.36390977443609024,0.677661334804192,38,128,0.4016492845015765,0.7115456470295181,307,0.201890708999792,0.7425938117182357,7,4,8
36,4,399,4,480,4,True,36,0,156,0.19752333094041638,0.46905958363244793,36,237,0.3375666898631408,0.6461676110945422,243,0.1676716313510817,0.6877393229193987,7,4,8
22,3,106,3,76,3,True,22,0,66,0.13722943722943723,0.34285714285714286,22,38,0.116017316017316,0.30857142857142855,38,0.11764411027568923,0.6057142857142856,7,4,8
130,5,1450,5,997,5,True,130,2,769,0.32183999575303923,0.8438538205980066,128,345,0.2912243085714953,0.6320164378444009,652,0.23650843769341234,0.8067986230636832,7,4,8
31,4,425,4,515,4,True,31,0,192,0.14902109961452628,0.4066037735849056,31,288,0.3011798669511736,0.593774319066148,225,0.19944611669888815,0.7361518978048601,7,4,8
93,5,1288,5,1747,5,True,93,0,408,0.37175309755954916,0.7934191412452282,93,873,0.3433001472142028,0.7756486876836496,874,0.19018070102667523,0.833545606741483,7,4,8
30,3,141,3,114,3,True,30,0,53,0.2380952380952381,0.4492610837438424,30,28,0.27168141592920353,0.4613976197741837,86,0.06968585540822626,0.6247155499367888,7,4,8
255,5,2159,5,2278,5,True,255,0,503,0.27471333296988865,0.649785088263411,255,619,0.33507194709240745,0.6538960297946946,1656,0.10349419623994294,0.6108215165313122,7,4,8
22,4,235,4,264,4,True,22,0,51,0.09537684537684536,0.26007326007326004,22,88,0.17326716376146034,0.7262357414448669,176,0.169225709862592,0.6251503038575282,7,4,8
31,4,361,4,619,4,True,31,0,64,0.20277777777777778,0.4527777777777778,31,297,0.19172147405783485,0.5970873786407767,291,0.20261995054808588,0.7805825242718447,7,4,8
157,6,2140,6,3496,6,True,150,0,544,0.31057089941381666,0.8003290538353652,153,1904,0.3579230833964487,0.757213601848795,1513,0.26978042188555007,0.8459859506768835,7,4,8
107,5,994,5,2197,5,True,107,0,213,0.2997571787559647,0.8032073571605008,107,1440,0.38610557853701716,0.8075574801525931,755,0.19472592481317763,0.8101656953868336,7,4,8
90,5,519,5,313,5,True,90,14,261,0.3157872157872158,0.5693028502017266,76,58,0.23819305448149325,0.5781475079227888,247,0.1650481453113032,0.5354420354420355,7,4,8
34,6,2516,6,1556,6,True,34,0,1345,0.14295616674285833,0.32935719019218024,34,432,0.21018622005949414,0.5082139725226542,1096,0.19325790626718717,0.692672262246457,7,4,8
16,3,46,3,59,3,True,16,0,15,0.15833333333333333,0.2666666666666667,16,28,0.15193965517241378,0.45747126436781604,31,0.06890372018291929,0.36858237547892725,7,4,8
39,5,451,5,719,5,True,36,0,181,0.191130604288499,0.4244444444444444,39,427,0.2805833417913758,0.739041196305527,261,0.2444544528519811,0.9013618074899412,7,4,8
217,6,1680,6,4172,6,True,217,0,507,0.3282250516683455,0.8403205170626254,217,2952,0.4060950804711487,0.8703037729650053,1149,0.22568727522842852,0.6883488462053068,7,4,8
85,4,328,4,384,4,True,79,0,141,0.24877924692115844,0.6728920926168633,85,201,0.28096700821320697,0.722615939326122,183,0.20268319401505375,0.7715923699108119,7,4,8
64,4,741,4,613,4,True,64,3,321,0.39070945945945945,0.8000429000429,61,207,0.33885521421683423,0.7471988795518207,401,0.20448765473703132,0.820084790673026,7,4,8
46,5,371,5,317,5,True,46,0,132,0.19353048700874786,0.5573573573573574,46,102,0.25973980309423345,0.7909985935302392,215,0.24578395881898973,0.8173280875812521,7,4,8
36,4,324,4,316,4,True,36,5,127,0.23254213966288267,0.4585581601061477,31,119,0.2543778801843318,0.47619047619047616,197,0.19230289319396832,0.8221141088014152,7,4,8
35,5,517,5,886,5,True,30,0,209,0.23254293965648276,0.5517555859553124,35,587,0.35488297013720743,0.6450315719508142,299,0.25100079580294143,0.9107213243988963,7,4,8
358,6,2876,6,5039,6,True,358,0,803,0.2929336895797911,0.5703305322128851,358,2955,0.37070166178385056,0.7399011212265771,2050,0.18123047559228547,0.7466766315135406,7,4,8
151,5,1281,5,2184,5,True,139,5,405,0.26612972122302153,0.7071875,146,1286,0.3654137304241786,0.7645045045045045,850,0.24415748236708792,0.9444650423728814,7,4,8
143,5,2300,5,2338,5,True,142,0,902,0.3838095904147107,0.9245017735819003,142,921,0.34697065152612083,0.8281653980364859,1337,0.23105182567606172,0.7692174398907973,7,4,8
138,7,6645,7,6942,7,True,134,0,3030,0.3408136580377204,0.8780920824233049,134,3510,0.3978881249252587,0.8373023092446554,3366,0.24996340863114638,0.8827098505759519,7,4,8
22,2,37,2,48,2,True,22,0,13,0.10606060606060605,0.23809523809523808,22,24,0.14327162199502624,0.3161094224924012,24,0.04787234042553192,0.2411347517730496,7,4,8
91,6,5134,6,3729,6,True,91,0,2123,0.299184904970995,0.762809273329437,91,715,0.2593236282077484,0.596137339055794,2849,0.23667511382166367,0.8716229308965215,7,4,8
36,4,502,4,384,4,True,36,0,239,0.32313151474828117,0.5401197604790419,36,129,0.2935886277922831,0.6590078328981723,255,0.11829532968057639,0.5495067306639984,7,4,8
136,6,1602,6,3093,6,True,128,5,516,0.23319792895643926,0.5978902075091956,131,1951,0.37365969655107845,0.7426932106750994,1064,0.21705750984210187,0.9042222155783941,7,4,8
28,3,125,3,109,3,True,28,0,47,0.22494239631336405,0.4569892473118279,28,31,0.23379629629629628,0.5,78,0.1150897589069632,0.5722819593787336,7,4,8
125,6,1726,6,2816,6,True,123,0,626,0.32132646894491385,0.734721832632071,125,1657,0.3472743940869764,0.8560906434423882,1046,0.2891720477565048,0.9382562360027802,7,4,8
10,2,16,2,22,2,True,10,0,0,0.2,0.4,10,6,0.2,0.38095238095238093,16,0.06785714285714285,0.1523809523809524,7,4,8
163,5,2133,5,744,5,True,163,9,1518,0.3955749297412223,0.8212366525374656,154,177,0.2526433447249957,0.856080620773308,557,0.24544740007872698,0.9077209679333567,7,4,8
31,5,445,5,826,5,True,31,0,207,0.1348299912816042,0.32162162162162167,31,587,0.3288954056695992,0.6921212121212121,212,0.23797374561525506,0.8818918918918919,7,4,8
323,6,4025,6,1670,6,True,321,23,2445,0.34960329064870854,0.8766315152562884,298,179,0.25092193868265117,0.6633625967124288,1491,0.17554724800130753,0.756108198025746,7,4,8
19,2,44,2,31,2,True,19,0,23,0.19155446756425948,0.37209302325581395,19,10,0.09473684210526316,0.2,21,0.20431893687707645,0.44418604651162785,7,4,8
34,4,514,4,332,4,True,34,0,300,0.24122025205616537,0.5103668261562998,34,122,0.29260707304069666,0.6429552320790992,210,0.14891006749277805,0.7323722195720924,7,4,8
51,5,1074,5,1384,5,True,51,0,565,0.17935968422783838,0.447381174277726,51,875,0.38934257723335175,0.7404338394793926,461,0.3093929826124568,0.9384100234575214,7,4,8
118,6,4671,6,5746,6,True,118,0,1597,0.3644459117021088,0.7288145829901719,118,2733,0.4283665973359296,0.8906830912052844,2848,0.2363027061852081,0.8899898058641441,7,4,8
128,7,10206,7,6715,7,True,126,6,5496,0.4123957006599065,0.8285131188586728,120,2261,0.4049660500994123,0.8106049411383899,4319,0.2889222949595797,0.9301055207682486,7,4,8
401,7,7387,7,5458,7,True,389,28,3383,0.3536997581751622,0.8906011372867588,361,1416,0.3457054803177905,0.7950256551218617,3908,0.19726091922897857,0.8545657974084963,7,4,8
167,6,4841,6,6158,6,True,162,5,2604,0.3891455783341508,0.912214975604899,162,4084,0.3796893793329104,0.9107011120656086,1917,0.31408852257833886,0.9778317899266709,7,4,8
248,7,18157,7,13294,7,True,245,0,7657,0.42267416542198005,0.9799787357967341,245,3215,0.4096308834016339,0.964116452268111,10011,0.19357623684706823,0.7978617472513971,7,4,8
434,8,28550,8,33909,8,True,433,0,10011,0.4444363541229862,0.9322920108913673,433,16555,0.4689377975181818,0.8967823816707129,17120,0.2441329569713681,0.942575396500456,7,4,8
13,2,19,2,22,2,True,13,0,0,0.16666666666666666,0.33333333333333337,13,3,0.2142857142857143,0.4285714285714286,19,0.03884711779448622,0.09523809523809523,7,4,11
131,4,729,4,920,4,True,131,0,108,0.2773886418924587,0.6038461538461539,131,303,0.312624076950552,0.5812086716330459,617,0.15530171237699855,0.717493333652202,7,4,11
46,3,85,3,157,3,True,46,2,27,0.1688750862663906,0.6301587301587301,44,100,0.3006410256410256,0.5683760683760684,57,0.24646552278131226,0.5631868131868132,7,4,11
31,4,558,4,584,4,True,31,0,100,0.16182892222157874,0.41382405745062834,31,138,0.2261661041332374,0.49468267581475134,446,0.15259493911849467,0.7265860050318571,7,4,11
129,6,581,6,1635,6,True,129,0,78,0.23119486768243785,0.6327586206896552,129,1136,0.3491882762612318,0.7186926254589963,499,0.23697428199580692,0.8340438104081374,7,4,11
40,5,365,5,406,5,True,40,0,184,0.16899525428530954,0.466921660291826,40,249,0.1339553656220323,0.3568850902184236,157,0.32411137134483486,0.9639656230816451,7,4,11
69,6,981,6,1801,6,True,68,0,444,0.2847159452016101,0.5876950780312126,68,1289,0.4148024798154556,0.736764705882353,505,0.2568452212568195,0.7447845804988662,7,4,11
165,5,2081,5,1872,5,True,165,0,592,0.368986013986014,0.7130745778611631,165,395,0.38062981761929765,0.7636421113008565,1477,0.130532626156814,0.6251354170949308,7,4,11
133,5,1928,5,1823,5,True,133,0,900,0.3512862332270739,0.835299020301615,133,826,0.36307288528676246,0.808094667864152,995,0.19706822677824148,0.769596871996933,7,4,11
19,3,124,3,179,3,True,19,0,10,0.32413350449293965,0.6382113821138211,19,65,0.2811945594322886,0.6042446941323346,114,0.2679497226669487,0.6749337718096282,7,4,11
48,5,246,5,636,5,True,46,7,58,0.1401857690347184,0.38558402084237947,41,459,0.27866824119740613,0.586396381303401,177,0.22579641225234254,0.7443033906475975,7,4,11
165,5,3156,5,2405,5,True,165,3,1265,0.3691427748163089,0.814249545823509,162,532,0.36396850125831637,0.7173815997727365,1871,0.17558712816734656,0.7222475219589116,7,4,11
385,6,3117,6,3127,6,True,384,4,1101,0.3726745265949267,0.8492658857509627,380,1096,0.34487578448580664,0.8165437060140754,1984,0.19180513598023888,0.8383377396255021,7,4,11
66,4,250,4,208,4,True,66,0,91,0.2955205437133148,0.5502008032128514,66,58,0.1958706350010698,0.47506503158677077,150,0.21236831383505034,0.7580466794715093,7,4,11
174,6,2296,6,3836,6,True,172,1,434,0.40076235151197787,0.8928432002216429,171,1958,0.40796667771550843,0.8790498225199901,1862,0.19092192516431078,0.7433602326922367,7,4,11
28,3,159,3,115,3,True,28,0,84,0.13147143526890362,0.2763713080168776,28,37,0.148635477582846,0.3401559454191033,73,0.18090070850787449,0.549855651787697,7,4,11
258,6,1994,6,4624,6,True,256,2,597,0.32255301446600065,0.7696997858262674,254,3229,0.3876801437804099,0.8205310783251734,1357,0.2679811211950309,0.8561485858084954,7,4,11
75,4,268,4,748,4,True,75,0,74,0.2870877619192226,0.8156696021864562,75,543,0.36638107987505575,0.7855566409783278,190,0.26748238766221993,0.6567693996961629,7,4,11
22,4,201,4,184,4,True,22,0,111,0.2199350649350649,0.4964285714285714,22,93,0.25090483287204596,0.49024199843871974,83,0.218790242938969,0.8512841530054645,7,4,11
80,5,1343,5,916,5,True,80,2,734,0.2984131232432229,0.8718330849478391,78,358,0.35065667771623366,0.9759562841530055,555,0.3062134862134862,0.8087928464977646,7,4,11
341,6,5661,6,4621,6,True,341,2,2317,0.38593307980062797,0.8189981292870505,339,1220,0.3912309305594053,0.8487267634326457,3302,0.19100871073687634,0.9128462821042327,7,4,11
159,5,1896,5,803,5,True,153,12,1244,0.31311906880918094,0.8021675962726695,147,132,0.2709416289638429,0.7097919757568105,640,0.2188526591256029,0.8237697313444621,7,4,11
153,5,1647,5,1859,5,True,153,0,409,0.3119664228591396,0.7179765939758266,153,598,0.3144832839184434,0.7634199195513003,1222,0.20350765132646123,0.6697235167094577,7,4,11
500,6,2846,6,3219,6,True,500,6,1077,0.28913594218313604,0.8030923005941584,494,1453,0.34574233981382974,0.8667010839578474,1723,0.21914550831258317,0.8155512544223453,7,4,11
178,6,5554,6,4483,6,True,178,0,2522,0.3629183612235386,0.7815686741324739,178,1570,0.39012672709926016,0.8773096151082673,2756,0.26062213730666817,0.9012921847664384,7,4,11
46,7,13800,7,8028,7,True,46,0,7194,0.13004218957265334,0.3974635843177042,46,1984,0.1862458766879174,0.4321110695845964,6007,0.20492580676738145,0.8407610166113312,7,4,11
87,6,7357,6,5814,6,True,87,0,2549,0.33870642451072347,0.7019708638415721,87,1179,0.3665902127489138,0.7127688940986321,4371,0.21522162763679098,0.8925700416282082,7,4,11
122,5,1416,5,1412,5,True,122,0,688,0.3145832365882605,0.7298601173962562,122,707,0.3281695843840627,0.7050389208755294,705,0.19133305921004432,0.798898608359858,7,4,11
77,4,363,4,598,4,True,77,0,76,0.2570495802540001,0.6866094794998546,77,315,0.35131284126259,0.7054571101119633,283,0.1915948953913899,0.8217098383260687,7,4,11
31,4,587,4,363,4,True,31,0,248,0.2618041029028588,0.5665529010238908,31,46,0.2671538050258421,0.6397790055248619,305,0.24461221639603922,0.7916674523409952,7,4,11
99,6,4251,6,4405,6,True,99,0,2157,0.3865428653614109,0.7796456309047507,99,2312,0.42954522518555216,0.8760496024022688,1920,0.2606489604537856,0.9451084713206013,7,4,11
477,6,2445,6,3961,6,True,459,38,984,0.2714030810916624,0.6967019213577411,439,2530,0.31942850240116755,0.8055003819709703,1383,0.2344089900858258,0.8557514589429484,7,4,11
191,6,5431,6,4363,6,True,191,0,2377,0.4062261392395107,0.7883396336144227,191,1227,0.4083874499690392,0.9233161997152441,2850,0.25365018194219846,0.962498828405035,7,4,11
127,4,514,4,138,4,True,98,38,411,0.19915150688512664,0.5925925925925926,89,41,0.2389075699171656,0.4931062449310625,95,0.2863317854117943,0.7274796886783056,7,4,11
154,6,5292,6,3218,6,True,151,2,2723,0.426297882082845,0.9705159705159705,149,955,0.4187879865579551,0.9561703450419645,2186,0.23504790705597492,0.8927004155477889,7,4,11
531,7,13152,7,16192,7,True,525,0,2636,0.4348584242617525,0.9415153162898868,525,5620,0.439662740767044,0.9015925455907836,10307,0.1713536097094791,0.8418967109143798,7,4,11
125,4,667,4,704,4,True,120,0,154,0.20127748716458393,0.5957812651361039,125,198,0.31555618776671407,0.6538223282705455,488,0.19184467038220274,0.7751699067488541,7,4,11
28,3,160,3,152,3,True,28,0,54,0.26861834880702806,0.6079664570230608,28,48,0.2663460527698938,0.6068187392690704,104,0.155089277418404,0.6580448998292308,7,4,11
28,5,1194,5,497,5,True,28,0,788,0.33256052723781143,0.9664710813076278,28,123,0.27051331285202257,0.8205645161290323,374,0.18962093401492028,0.7709623340453722,7,4,11
40,5,581,5,679,5,True,40,0,345,0.17710875331564985,0.4063660477453581,40,450,0.3224387338325391,0.686861810755616,216,0.24894346398580453,0.8676940290916488,7,4,11
25,3,156,3,138,3,True,25,0,65,0.16522580645161292,0.603494623655914,25,49,0.32978102189781017,0.8488442822384429,89,0.1609035326985605,0.6735578055097716,7,4,11
39,5,1161,5,653,5,True,36,0,706,0.20240849969751964,0.48879310344827587,39,188,0.14720407673265276,0.40256700032289316,442,0.16718752243537893,0.5804315633594246,7,4,11
85,5,1147,5,1533,5,True,85,0,302,0.30841216067578864,0.7200822737471952,85,661,0.3519607843137255,0.8542832276513739,819,0.1823772089653188,0.9238217616958064,7,4,11
186,8,18704,8,21775,8,True,186,0,7356,0.4115905734172943,0.8678041245009112,186,11149,0.43600832007395623,0.867385351733657,10451,0.23885823671794215,0.9144352221641416,7,4,11
182,7,16122,7,10598,7,True,182,0,8412,0.420439152725135,0.8821042934630065,182,3229,0.4449610972211708,0.824701247147504,7065,0.23538858321243014,0.9213447067990241,7,4,11
511,8,22685,8,21531,8,True,493,0,7422,0.4536034250863407,0.9144711137849603,493,6988,0.45035186840884633,0.9496807919637896,14394,0.22019511642697193,0.9019895471316448,7,4,11
607,7,16251,7,16224,7,True,603,0,5761,0.3828674597731492,0.9534675806042143,603,6432,0.4372003762100045,0.8946738414210034,9702,0.22334732096050153,0.8981532012954069,7,4,11
549,8,27761,8,35694,8,True,532,0,6192,0.4254858349581016,0.9254284071214622,533,15763,0.4614366111860987,0.9223527441333137,19773,0.21412883881854897,0.8593205929854478,7,4,11
569,8,32633,8,36541,8,True,550,0,8230,0.44082267266932623,0.8848775417891019,550,13944,0.46352259043638355,0.9295312102500057,22316,0.2322610460746417,0.9348978769467227,7,4,11
1236,9,30119,9,63572,9,True,1207,8,9665,0.3648674399481981,0.9569939076340215,1199,44897,0.4474491268949225,0.9483218005409108,18466,0.27864168263852634,0.9344654472700279,7,4,11
40,2,63,2,135,2,True,40,0,0,0.10962572373862696,0.2663358147229115,40,72,0.15111940298507462,0.5047837734404899,63,0.09484833895040924,0.5999037072701011,9,5,5
33,2,49,2,123,2,True,33,0,0,0.16666666666666666,0.33333333333333337,33,74,0.27347242921013415,0.540983606557377,49,0.11323463811754209,0.49077868852459017,9,5,5
56,3,391,3,413,3,True,56,0,148,0.27440476190476193,0.468997668997669,56,174,0.3170943134535368,0.5368490732568403,239,0.09076164793352103,0.5690814040328603,9,5,5
48,3,391,3,600,3,True,48,0,62,0.3145833333333333,0.5680305510092744,48,275,0.3043962159154146,0.7467410222711611,325,0.16543562084078328,0.6464834553315355,9,5,5
270,4,1900,4,624,4,True,270,92,1511,0.2868858853587658,0.7218962827236405,178,235,0.1635891215449859,0.4697977766771886,389,0.13044352366567427,0.7195364291588797,9,5,5
41,4,238,4,673,4,True,41,0,40,0.2655655037563034,0.6176160337552743,41,475,0.2853077816492451,0.7648809523809523,198,0.1822280216267558,0.6965039180229053,9,5,5
49,3,201,3,453,3,True,49,0,39,0.25918367346938775,0.44999999999999996,49,291,0.18796279573776412,0.49741887905604715,162,0.14616191412651588,0.700929203539823,9,5,5
82,4,767,4,991,4,True,82,0,185,0.253273141956833,0.5280598265802792,82,427,0.294437600941666,0.8848484848484849,564,0.17956232603613304,0.8025925046812775,9,5,5
32,2,59,2,83,2,True,32,0,8,0.11064377085650723,0.2586206896551724,32,32,0.1025398308418568,0.3072383949645948,51,0.07776348554560596,0.31959629941126994,9,5,5
47,3,148,3,486,3,True,40,0,15,0.12882283348121856,0.33673469387755106,47,344,0.2672475745598275,0.7789256198347108,133,0.1775897831947046,0.5976696463709451,9,5,5
49,3,133,3,709,3,True,49,0,20,0.15499381570810142,0.37310606060606055,49,550,0.33272800645682,0.5833333333333333,113,0.32846539491207255,0.7770929635336414,9,5,5
49,3,201,3,666,3,True,49,0,74,0.14091836734693877,0.31666666666666665,49,539,0.2596133190118153,0.5614035087719298,127,0.13752412527381444,0.5686842105263158,9,5,5
45,3,349,3,882,3,True,45,0,70,0.35555555555555557,0.6353187042842215,45,603,0.410253499810821,0.8138479001135074,279,0.19291277524066133,0.7897536759429593,9,5,5
96,4,2907,4,1119,4,True,96,8,2197,0.18276859884570337,0.5035679356684899,88,423,0.27436575052854123,0.8323980792769042,680,0.22350072972935195,0.7595148893105006,9,5,5
49,3,552,3,935,3,True,49,0,182,0.30232601207452126,0.737787356321839,49,538,0.33631771766522456,0.9138561741613134,362,0.23833953270056624,0.8545743188362993,9,5,5
55,3,225,3,558,3,True,55,0,68,0.17694805194805197,0.33829365079365076,55,401,0.2815244001958544,0.6369771926324889,157,0.1286870469808525,0.4451782508335471,9,5,5
118,4,2379,4,2850,4,True,118,0,938,0.3678707359838064,0.7439994824351427,118,1378,0.3878048200082098,0.8325548325548325,1401,0.22277849483245846,0.7616317944324673,9,5,5
29,2,139,2,165,2,True,29,0,28,0.19579495966302563,0.45548654244306414,29,54,0.21125195242100203,0.4738675958188153,111,0.0982910269760747,0.5581477553905974,9,5,5
82,4,1273,4,3253,4,True,82,0,359,0.2923203825853772,0.6390927090612626,82,2270,0.40609531095310947,0.8425584255842559,899,0.28292943472071197,0.8159216969528186,9,5,5
247,4,1313,4,1757,4,True,247,31,737,0.24113138145551496,0.6488821138211383,216,1205,0.3608785021664441,0.7755245661796025,552,0.21082039720302498,0.901324379132174,9,5,5
79,4,763,4,1189,4,True,72,6,368,0.19418365973484086,0.8988491823137492,73,828,0.2604558049763529,0.8047785547785548,358,0.22132194909105127,0.6894005673533232,9,5,5
71,3,515,3,505,3,True,71,7,294,0.20497929209498233,0.664591439688716,64,284,0.2230716765873016,0.8123015873015873,218,0.14759937846317384,0.677560064233216,9,5,5
37,3,65,3,181,3,True,37,0,8,0.17820945945945946,0.3125,37,124,0.32327327327327327,0.5333333333333333,57,0.1702485380116959,0.6201388888888889,9,5,5
36,2,55,2,88,2,True,36,0,15,0.11923868312757202,0.28148148148148155,36,48,0.2292464878671775,0.47816091954022993,40,0.12357918263090675,0.4476372924648787,9,5,5
49,4,813,4,982,4,True,49,0,336,0.22324989108944068,0.5378694581280788,49,508,0.20939690861053903,0.5736493374108053,461,0.17891715894146548,0.8294291037093948,9,5,5
71,4,588,4,914,4,True,67,0,303,0.2329117372495033,0.6191530786079338,71,620,0.24454261163916688,0.6759974964794242,283,0.1994410466570729,0.8233018802793644,9,5,5
55,4,751,4,946,4,True,55,0,279,0.18261279461279462,0.7484444444444445,55,442,0.365993265993266,0.8121693121693121,458,0.22062826644486033,0.6293544973544973,9,5,5
41,3,212,3,390,3,True,41,0,71,0.2020922436712519,0.45995260663507115,41,245,0.38061947457520845,0.7446015424164524,139,0.2316920327941645,0.7811011342730784,9,5,5
33,2,61,2,67,2,True,33,0,26,0.13636363636363635,0.2666666666666667,33,32,0.16942148760330578,0.33333333333333337,35,0.043896103896103905,0.4181818181818182,9,5,5
37,3,354,3,313,3,True,37,0,137,0.19417859786131741,0.6390462700661,37,100,0.22643797643797642,0.7254273504273504,213,0.10026280780978943,0.6625535701314738,9,5,5
80,4,2114,4,1676,4,True,80,0,962,0.2717942573699881,0.5826199476417836,80,581,0.3056975250330626,0.8384432269034574,1076,0.24127032059970488,0.8794532778605788,9,5,5
29,2,61,2,153,2,True,29,0,0,0.13267651888341542,0.30476190476190473,29,92,0.2831215970961888,0.506578947368421,61,0.331003738855335,0.5894736842105264,9,5,5
83,4,334,4,3034,4,True,71,0,31,0.1388091973801352,0.34930052003222734,83,2681,0.37193879375067035,0.6726496345082145,303,0.31808483866538334,0.7883729426756133,9,5,5
75,5,2325,5,4987,5,True,75,0,579,0.3540849110728629,0.6717216355770573,75,3085,0.3234870972055088,0.8477466636311402,1746,0.18987216201270601,0.7496566979625567,9,5,5
53,4,541,4,813,4,True,53,0,173,0.2472396925227114,0.44045584045584046,53,432,0.25879764347558754,0.7814513073133763,362,0.1720899974900737,0.7590585659551177,9,5,5
71,4,209,4,1468,4,True,44,6,6,0.19301635864135863,0.5611263736263736,65,1205,0.2828779672951452,0.5582724705424091,203,0.35609425744553735,0.8824294740705784,9,5,5
56,3,153,3,935,3,True,56,0,46,0.24812030075187969,0.4663875598086124,56,813,0.39140409911287855,0.7164298228538057,107,0.20118420789310426,0.6975656485968669,9,5,5
392,4,3706,4,4762,4,True,392,0,1396,0.299442287036272,0.7382834422274456,392,2259,0.3164405648837985,0.8224915675154749,2292,0.24929912012362196,0.8769968885181302,9,5,5
52,4,1122,4,847,4,True,52,0,685,0.27489192342002333,0.6673138479298946,52,440,0.30096381160210944,0.7227089417327215,407,0.11684771802068289,0.6906721666529589,9,5,5
33,3,298,3,349,3,True,33,0,102,0.23461891643709826,0.4936868686868687,33,153,0.28091257401602227,0.5872844827586207,196,0.14608701369785115,0.7404504818297922,9,5,5
182,4,1331,4,353,4,True,164,63,1038,0.263794981322056,0.5510904332654842,119,71,0.13646783424570227,0.35013812154696133,274,0.21518483917158523,0.7090182843472317,9,5,5
53,4,1412,4,3221,4,True,53,0,487,0.3502868298944948,0.7639426484217413,53,2240,0.3375483417320989,0.6790731008122313,896,0.24930336092988795,0.820742964550933,9,5,5
37,2,61,2,187,2,True,37,0,12,0.11351351351351352,0.22222222222222227,37,138,0.2070134650779812,0.44802867383512546,49,0.10201887206495501,0.3994623655913979,9,5,5
90,4,486,4,1183,4,True,83,7,284,0.12631999095652854,0.33026757789876054,83,1001,0.25725442120962033,0.5624251411623795,172,0.23339539062116516,0.7541071397421808,9,5,5
263,4,3213,4,1693,4,True,233,29,1970,0.24515115665792966,0.7626220375880525,226,599,0.30305470474405466,0.7651273166946384,1094,0.2977256617116492,0.9081554395602778,9,5,5
49,4,1565,4,1173,4,True,49,0,939,0.19078500965603631,0.35651108269394716,49,544,0.2135543637250122,0.5398179749715586,596,0.21903933444316295,0.7200950568682734,9,5,5
95,4,1161,4,1783,4,True,85,0,502,0.33655042941608043,0.6373074101247249,95,1065,0.43293165573867326,0.8821548821548821,632,0.23912749671652261,0.8503318626881846,9,5,5
261,5,7470,5,9647,5,True,261,8,4340,0.3593948217126319,0.8811096120374471,253,6641,0.38552620472226706,0.9630520422973253,2897,0.23499981895439181,0.8387088499907018,9,5,5
328,5,15109,5,16039,5,True,314,0,5194,0.3666699724971305,0.9725572210360633,324,6395,0.41207118616843724,0.9779897742860706,9395,0.210685510734411,0.9109189493459784,9,5,5
580,5,14473,5,16637,5,True,574,32,6066,0.3526690235582272,0.8113623735095392,542,8732,0.3722192428125453,0.933445726665562,7658,0.2820057937549438,0.9318065140355768,9,5,5
17,1,17,1,17,1,True,17,0,0,0.0,0.0,17,0,0.0,0.0,17,0.0,0.0,9,5,8
67,3,206,3,706,3,True,67,0,42,0.16373454236577645,0.6526237989652623,67,542,0.2796972583889066,0.8165054803352676,164,0.14159800186481367,0.6506140806088911,9,5,8
79,4,1203,4,2753,4,True,79,0,484,0.30043808841803743,0.7230257263535134,79,1974,0.3559620621136297,0.686531007751938,706,0.26483045272203176,0.771063489145997,9,5,8
207,4,2919,4,2861,4,True,207,0,1158,0.31167366967647087,0.6326616847554849,207,1059,0.25372709463042936,0.7327958449317673,1743,0.2122034465420346,0.7566639666022805,9,5,8
419,5,4596,5,8736,5,True,419,0,1885,0.28180515212968993,0.8863982589771491,419,5907,0.3347202773797017,0.8070488575082917,2600,0.23179776118612788,0.7850261570744936,9,5,8
45,3,714,3,517,3,True,45,0,335,0.22285123322991487,0.6715223766415912,45,143,0.26907055046589934,0.8847780126849895,373,0.12961547007570168,0.7789882253171988,9,5,8
167,4,733,4,1299,4,True,144,14,228,0.34132134183363694,0.6636052406346699,153,801,0.3287802407551594,0.7519724506655281,475,0.2843154420441971,0.8210466712133841,9,5,8
69,5,3352,5,6948,5,True,69,0,1685,0.213971322832975,0.5045596573454807,69,5218,0.19277071766490186,0.7294536786932997,1553,0.2743116444507209,0.8760442978828017,9,5,8
77,5,12801,5,11421,5,True,77,0,6143,0.2269170262303486,0.5379317434210527,77,4997,0.2493326932998792,0.6915936952714536,6368,0.18778848815106344,0.8000324266637479,9,5,8
187,6,11146,6,14059,6,True,187,0,4611,0.2943416533342496,0.897231508415462,187,7424,0.3841611429010934,0.9082923739897844,6125,0.24143003202014932,0.9032300523097255,9,5,8
57,4,1245,4,1102,4,True,57,0,739,0.3695210695549162,0.7085438677078548,57,587,0.20953894727736688,0.45335409368106916,506,0.28021975226521745,0.899078884732091,9,5,8
98,5,4982,5,7024,5,True,70,0,2503,0.22493129266765993,0.6088724783041537,98,4543,0.32526799698948355,0.6975343165534158,2341,0.1956920352750506,0.897317252519563,9,5,8
81,5,679,5,4947,5,True,70,6,289,0.21634587020648968,0.5255530973451328,75,4461,0.35369497236824365,0.8285938131823696,343,0.32560000995433813,0.9540053223784424,9,5,8
407,5,6168,5,7094,5,True,383,12,2643,0.3601241758948135,0.724803319112294,395,3477,0.3790525937389553,0.9045708007408956,3438,0.2240783156024206,0.8677157250000006,9,5,8
374,5,12162,5,18882,5,True,374,0,2098,0.37304950910401313,0.8846781552155585,374,9087,0.37243039504104936,0.9551828277373753,9722,0.23527569567062784,0.9213529758685224,9,5,8
81,5,12811,5,8381,5,True,81,0,7561,0.2524038415204171,0.5910128805620609,81,3665,0.23201626447449836,0.6645584725536993,4506,0.30824485723825823,0.909529585142872,9,5,8
53,4,430,4,89,4,True,53,0,369,0.24068698597000482,0.5641025641025641,53,30,0.12912323525531072,0.42919580419580416,57,0.2454709033656402,0.7354312354312355,9,5,8
77,4,1872,4,905,4,True,76,12,1207,0.3588397630549975,0.7510126867141129,64,268,0.20314501339077784,0.7320097810898929,637,0.2112335836277717,0.7409423288856937,9,5,8
85,5,1935,5,884,5,True,85,11,1381,0.3027495589756068,0.6130398384793421,74,365,0.1551900549635544,0.4542280105700265,519,0.14613821855492407,0.6063440068114132,9,5,8
60,6,7138,6,12274,6,True,60,0,2486,0.23227946351036097,0.6478366497816346,60,7183,0.2619791227907846,0.6233843893236772,4539,0.17178487803605466,0.94054340398775,9,5,8
327,5,5142,5,5552,5,True,297,10,2435,0.35791395903176215,0.8069155340860137,317,2874,0.35111587673826505,0.8294061866927199,2475,0.28163695732153743,0.8834733686057502,9,5,8
81,5,8632,5,4203,5,True,81,0,6633,0.28344075547373737,0.5971280848105666,81,2316,0.3338563059330948,0.6348108043788673,1824,0.23197602883971488,0.8748297302965395,9,5,8
83,4,2428,4,1972,4,True,83,0,1336,0.2767577288562735,0.7480177273960626,83,882,0.19693318322851489,0.7871205652695796,1020,0.24158372825662353,0.8530728944227767,9,5,8
94,4,1425,4,726,4,True,87,10,886,0.25943681007750324,0.5312235713422738,84,258,0.1247913907869414,0.3478828327771598,463,0.24361170013799127,0.8038773731111972,9,5,8
53,3,385,3,360,3,True,53,0,232,0.2844929245283019,0.5985576923076923,53,199,0.12943347712360168,0.5781015641739875,153,0.27569342984021217,0.8435831592386258,9,5,8
145,4,1957,4,3334,4,True,145,5,638,0.3420069106551019,0.7724096796182686,140,2062,0.41566808466560945,0.8802380238023803,1238,0.28407003683410453,0.8563702996066478,9,5,8
36,2,59,2,88,2,True,36,9,9,0.11172687465790913,0.27192118226600986,27,38,0.12019704433497537,0.43218390804597706,50,0.15804597701149425,0.5114942528735632,9,5,8
141,6,25864,6,33611,6,True,141,0,15110,0.09940753986959813,0.4174744947277136,141,22926,0.40380037180761386,0.8117099502699027,10174,0.2806156514302952,0.9289731408407769,9,5,8
686,6,51902,6,49402,6,True,669,0,19777,0.3429861505342972,0.8446471855386666,686,18409,0.4122345760520068,0.8585684825375886,30504,0.21030688032989997,0.9054493541281418,9,5,8
65,3,134,3,294,3,True,65,0,16,0.19747686524002314,0.5730733082706767,65,178,0.36705171961144656,0.6731015358361775,116,0.23378861712360222,0.6094331391618979,9,5,8
49,4,1450,4,2178,4,True,49,0,596,0.34381910113942055,0.6381987577639752,49,1340,0.2949664707407998,0.7534355382024193,838,0.23667549862276976,0.8388976542198967,9,5,8
55,4,688,4,969,4,True,55,0,217,0.18358696131621896,0.5863658418243571,55,488,0.2905341291704928,0.7058080808080808,447,0.23856665075882247,0.8798840930143035,9,5,8
261,5,3332,5,9892,5,True,260,9,1790,0.35999801932358566,0.8460360714038289,251,8170,0.37935647934822114,0.8295947732752587,1475,0.2812563284950868,0.9490029168041492,9,5,8
75,4,489,4,884,4,True,75,13,163,0.20855560478511298,0.5059813912272929,62,564,0.2862156534205634,0.5854580514829666,320,0.15935204680160778,0.6997799974008132,9,5,8
165,4,2345,4,3594,4,True,141,0,860,0.3385648112889523,0.8063035877799051,165,2019,0.3928982383212492,0.8878374617311439,1424,0.23872362308349673,0.9357935747267392,9,5,8
301,5,6181,5,4214,5,True,301,38,3741,0.40446698706576784,0.8780906148867313,263,1942,0.3110053136874608,0.8339623387926259,2198,0.24406284409302093,0.9336757009625777,9,5,8
362,6,14468,6,33342,6,True,354,6,5991,0.30730160119067945,0.7786466745312237,356,24154,0.40480121736089214,0.9096327789206821,7606,0.2920197764020811,0.9457687612888642,9,5,8
45,3,181,3,525,3,True,45,0,17,0.19281705948372616,0.4808080808080808,45,343,0.33982188295165394,0.59941013185288,164,0.2575790252177331,0.773027989821883,9,5,8
621,6,51802,6,48695,6,True,608,0,18947,0.3922283334552574,0.9031292832184707,619,18037,0.37763339927252537,0.7794780969239107,30599,0.2741860799956029,0.9417192718287292,9,5,8
155,5,2438,5,3144,5,True,155,0,944,0.3707942883753968,0.8547607501239015,155,1731,0.3758412074311205,0.7792497035258728,1298,0.2558177726928452,0.9068069927884241,9,5,8
371,6,66889,6,63400,6,True,371,0,32735,0.43445155614357633,0.9106498317477866,371,29902,0.42720216449714,0.8740190718329175,33253,0.22980570776503847,0.9191602782844617,9,5,8
53,4,536,4,1263,4,True,53,0,123,0.1391750200073247,0.3806613946800862,53,853,0.19528520398657648,0.5428501767645982,410,0.198739305764727,0.7554601063435875,9,5,8
442,6,36233,6,57778,6,True,442,0,18910,0.42513361802534194,0.9438757986450634,442,42352,0.4565802499969261,0.9178340980021827,15223,0.29324104113937244,0.9843902209259023,9,5,8
126,6,6605,6,13250,6,True,107,0,1960,0.17634208664247666,0.6768685645063598,126,8531,0.2130840087362089,0.6817347724356555,4235,0.24392951431281143,0.9688611402919955,9,5,8
404,7,60455,7,69041,7,True,379,0,32864,0.37211094250275856,0.8835306232468778,400,43634,0.40699855488888376,0.8940105926294392,24431,0.25307034154143504,0.9493464759948296,9,5,8
181,6,14510,6,30278,6,True,181,0,4910,0.301376652352823,0.8459412165628997,181,20486,0.3891898140502692,0.887854183410216,8912,0.23091375679756002,0.8945005640057091,9,5,8
842,6,26125,6,64414,6,True,832,0,9291,0.45277317151955726,0.9191158839822007,841,48218,0.47328900212073594,0.9568656913057687,15962,0.2077982682067513,0.9527445910758721,9,5,8
419,7,63916,7,121225,7,True,370,0,36192,0.34823417155400005,0.8528891728585402,411,96459,0.4353262799185365,0.8799631715039294,24156,0.27583145928027375,0.9787789827340877,9,5,8
1676,7,194170,7,188558,7,True,1667,0,85544,0.44043122160651765,0.967081373873183,1667,87267,0.47213897337567445,0.9472429533363322,100651,0.24291374283753472,0.96695479932699,9,5,8
711,7,112026,7,232254,7,True,700,2,42519,0.3672257598256354,0.876580554516566,698,169131,0.4492222258356809,0.9433278655628275,62610,0.28905981641986267,0.9447550163249405,9,5,8
41,3,233,3,269,3,True,41,0,109,0.3229604709840202,0.5793103448275861,41,145,0.22737531852930468,0.535820895522388,124,0.1682373034715189,0.8072568193515183,9,5,11
60,3,354,3,783,3,True,60,0,159,0.14840511515500712,0.3042204830268402,60,588,0.24503410059676042,0.9130434782608696,195,0.13918997521223236,0.7253646131441862,9,5,11
101,6,3899,6,7050,6,True,101,0,2595,0.38492194524737233,0.7735402770651616,101,5430,0.38706716351873516,0.8485785217761385,1304,0.2451075449315982,0.903434042767839,9,5,11
94,4,1616,4,2116,4,True,94,9,772,0.16537940393800118,0.7747794533772763,85,1259,0.2931339801992634,0.6634179821551133,831,0.21932792800452997,0.8101823185414516,9,5,11
361,5,6353,5,11645,5,True,348,0,1472,0.3155921868515784,0.7299853064651554,361,6867,0.38018867206345974,0.8379699606855223,4682,0.2073010677905626,0.8168799922469016,9,5,11
60,6,11429,6,13200,6,True,60,0,3466,0.11530491072576227,0.39163695472909243,60,5606,0.25504284051650894,0.7050328671535209,7499,0.19912477983516466,0.8714270284315033,9,5,11
110,5,6400,5,12343,5,True,110,0,2479,0.10314897513829113,0.2525050502443759,110,8439,0.30664692623856454,0.6194883139395724,3855,0.19780181343274397,0.8379254612811327,9,5,11
61,5,2349,5,5973,5,True,61,0,237,0.346866534476499,0.5906587166382736,61,3588,0.23700163605020147,0.8672806430006698,2112,0.31210087705097767,0.7919458894488876,9,5,11
145,5,3155,5,6233,5,True,145,8,1539,0.3046499367099372,0.8647925033467202,137,4441,0.3375080816693684,0.805751675937812,1426,0.3208976379423355,0.8638797809981905,9,5,11
339,6,17976,6,23903,6,True,339,0,7145,0.4145890104660275,0.9150139493543794,339,13379,0.415095292009728,0.8840058938891995,10325,0.22469401544011272,0.9286691752099934,9,5,11
101,6,49654,6,31321,6,True,101,0,27028,0.27704210986623407,0.6714512718264757,101,10112,0.4339295423795253,0.7809131545338442,20885,0.24552492971610068,0.9044370864836448,9,5,11
90,6,6663,6,29536,6,True,90,0,2566,0.37105807398512286,0.7250075052536775,90,25250,0.40353140341967153,0.9149342904913804,4085,0.14795975094223576,0.7567188194763251,9,5,11
33,2,123,2,84,2,True,33,0,64,0.24167908594138104,0.47540983606557374,33,25,0.14375684556407448,0.3072289156626506,59,0.20880130692260568,0.6650207386924749,9,5,11
37,3,324,3,687,3,True,37,0,131,0.2720367426249779,0.6539387684898521,37,485,0.3989047356394295,0.7136378360868156,193,0.24701487591803248,0.6177282943252489,9,5,11
375,6,19893,6,20964,6,True,370,11,12042,0.3784537448892614,0.8735548969784429,364,13006,0.3933799657890563,0.8201093293735512,7248,0.2019256168481477,0.9210551412584786,9,5,11
211,6,9261,6,39260,6,True,192,0,1713,0.29658897823888375,0.7316671809112414,208,30795,0.3900688692086843,0.9249625502917742,7088,0.27024835831692356,0.9434321452862441,9,5,11
81,6,48669,6,42285,6,True,81,0,23348,0.2461286702444479,0.5877814991370099,81,19548,0.2928840959017858,0.7106021190048245,22323,0.2644578912992126,0.9148167187108347,9,5,11
438,6,7669,6,53700,6,True,307,0,2992,0.3908748498242319,0.8372495759368483,438,47700,0.431053133515511,0.9088956013524493,4289,0.281743526138323,0.9773353509748397,9,5,11
433,5,9491,5,17178,5,True,422,0,3348,0.32096381629508297,0.8505902899738516,433,10700,0.38694627772434836,0.8187558082621249,5794,0.283472486081269,0.9260829460916229,9,5,11
21,2,21,2,53,2,True,21,0,0,0.0,0.0,21,32,0.14065934065934066,0.3692307692307692,21,0.14065934065934066,0.3692307692307692,9,5,11
553,7,48441,7,98630,7,True,525,0,14697,0.3240613236498419,0.9155530822532582,545,66202,0.4186029016181749,0.911655261019887,31461,0.24644966800507767,0.9524839406646628,9,5,11
131,6,16093,6,22814,6,True,131,0,9072,0.39185466013172354,0.7483011147440678,131,16274,0.45533315509470795,0.8353027457353938,5899,0.2854559541844777,0.9502293605046745,9,5,11
86,4,699,4,1750,4,True,86,7,302,0.20950223229159726,0.3998988707230743,79,1353,0.2370366302284424,0.46475633134900607,397,0.11915718517401765,0.5658419629063517,9,5,11
552,5,15577,5,17166,5,True,525,0,5809,0.4336252784610163,0.9125789874505614,541,7951,0.4022246152361763,0.917675618780672,8894,0.2728278683157807,0.9643925667233838,9,5,11
411,7,40407,7,93380,7,True,381,0,10884,0.29789997348562436,0.843793544305784,403,62443,0.41165583590307064,0.8199793707207893,27347,0.2631000383392309,0.934803805966406,9,5,11
37,2,119,2,53,2,True,37,0,79,0.28882272102611084,0.5593220338983051,37,13,0.07623007623007623,0.17094017094017094,40,0.26891297262059977,0.5593220338983051,9,5,11
60,5,1791,5,6056,5,True,60,0,846,0.1776290124041284,0.46404696524950284,60,4976,0.3356129080416334,0.7401307226133326,871,0.302067023905341,0.8893499531759615,9,5,11
253,6,33768,6,50238,6,True,253,0,15463,0.4251487554036608,0.9486791133073006,253,32352,0.4519087430716743,0.8934052590719987,16583,0.2589047010486269,0.9828213928371794,9,5,11
740,7,118853,7,125182,7,True,730,0,61256,0.42614737011286535,0.9425923313182809,730,74612,0.4223837267809567,0.9321286538931951,49464,0.27856520222950376,0.9656598413336481,9,5,11
65,4,1624,4,1803,4,True,65,0,940,0.2841052893502062,0.7007085643869377,65,1100,0.275663792367455,0.6218091009988901,662,0.2737542540149869,0.9014578174589335,9,5,11
85,4,1794,4,1031,4,True,85,9,1053,0.3219796563354846,0.7730061349693251,76,392,0.2127232523055211,0.4578363384188627,630,0.31710037244375205,0.834559966211643,9,5,11
53,4,331,4,580,4,True,53,0,71,0.16607292078990193,0.574009324009324,53,300,0.21083470575111984,0.8130065098977016,259,0.2674357151041089,0.7720992306484534,9,5,11
522,6,15912,6,36473,6,True,476,27,8417,0.36147759687459463,0.818767807638241,495,27904,0.3944236115594977,0.7831159306495051,7156,0.27089423935256896,0.9901257524840447,9,5,11
149,6,18030,6,13141,6,True,149,3,11047,0.3927225919560417,0.905127699667053,146,6653,0.39881919825624085,0.8891830186350735,6144,0.26613986046430566,0.961699998303089,9,5,11
190,6,10949,6,19887,6,True,182,4,4543,0.28252350735909376,0.865864220084169,186,13324,0.3946400896900465,0.8972952708746734,5885,0.25575241317878683,0.9394307417092921,9,5,11
81,5,6258,5,10679,5,True,81,0,2667,0.2126298052354203,0.5943583186830749,81,7195,0.393106629761434,0.7557969657239184,3332,0.2664777243816944,0.9365222058243634,9,5,11
106,5,3955,5,4950,5,True,96,8,2403,0.20554705000361298,0.5850567237517161,98,3554,0.3156363616369967,0.8774701959991917,1306,0.32084647197144506,0.9649726655487388,9,5,11
283,7,34950,7,154447,7,True,254,0,14497,0.3035851243167127,0.8165737551922163,282,135395,0.44259165331183736,0.941927647506627,18557,0.2975355587129614,0.9661967543755914,9,5,11
49,3,531,3,430,3,True,49,0,299,0.2860447952766012,0.6518867924528302,49,202,0.29015627229912944,0.8028846153846153,224,0.20926000100528402,0.8044377006641158,9,5,11
200,6,15249,6,14911,6,True,198,5,6438,0.32449594483168703,0.7325933181120714,193,6366,0.3814633000701635,0.7539194968807822,7985,0.22709150621323654,0.9508761646479084,9,5,11
75,4,1198,4,647,4,True,64,6,791,0.2880224561967983,0.6246133351396509,69,240,0.24987479066089918,0.6271441720358129,395,0.2529927449549662,0.8567988598948352,9,5,11
41,3,75,3,446,3,True,41,0,0,0.11766644693473963,0.27567567567567564,41,371,0.3013702384214853,0.7620786516853932,75,0.32777528089887636,0.8424840570907987,9,5,11
528,7,70447,7,91023,7,True,493,0,33373,0.3840620819478371,0.8816313527672238,513,56104,0.4440871522728434,0.9010636209183033,34150,0.24855080504580504,0.9538131270635662,9,5,11
515,8,199279,8,337411,8,True,504,10,78799,0.35729913412160036,0.8485276009819573,494,224215,0.3906439034940802,0.965101804925758,109765,0.30501381653536175,0.9595289183335678,9,5,11
181,8,156992,8,257834,8,True,181,6,71480,0.3315947985413325,0.8103533182015388,175,181335,0.3644742285812048,0.8399122903412501,74278,0.26434661444652024,0.9820962356582057,9,5,11
96,7,25877,7,199727,7,True,96,0,14780,0.136741342143231,0.34742659322599284,96,187246,0.3651648070356388,0.7405267848531436,10309,0.37928800876336194,0.9690164039187233,9,5,11
587,8,364712,8,364675,8,True,551,24,164071,0.40543613411809915,0.9254311771077092,527,179791,0.3999420706213749,0.8981956693060993,182843,0.2698824816496457,0.97664685979392,9,5,11
178,7,171395,7,297963,7,True,178,0,40842,0.394392944150104,0.7624045472522458,178,176566,0.41335442141064815,0.9090836745306733,119971,0.26433325959509757,0.9391628540044195,9,5,11
689,8,434660,8,706598,8,True,652,8,145136,0.43204551838730715,0.9040060747700803,644,433882,0.45585854067338505,0.9467851004574134,270079,0.22664284562515713,0.9061846127254677,9,5,11
1117,8,818638,8,995866,8,True,1116,6,294899,0.45208741887988896,0.9408474446792564,1110,513798,0.4501964301063577,0.9676071388524884,479765,0.21370433660701688,0.9479743451737846,9,5,11
