total_nodes_manhattan,solution_length_manhattan,total_nodes_misplaced,solution_length_misplaced,total_nodes_h_max,solution_length_h_max,solution_lengths_identical,shared_states_manhattan_misplaced,unique_to_manhattan,unique_to_misplaced,avg_order_diff_manhattan_misplaced,max_order_diff_manhattan_misplaced,shared_states_manhattan_h_max,unique_to_h_max,avg_order_diff_manhattan_h_max,max_order_diff_manhattan_h_max,shared_states_misplaced_h_max,avg_order_diff_misplaced_h_max,max_order_diff_misplaced_h_max,size,num_moves
12,5,12,5,17,5,True,12,0,0,0.0,0.0,12,5,0.06107954545454546,0.17045454545454547,12,0.06107954545454546,0.17045454545454547,4,5
14,5,14,5,19,5,True,14,0,0,0.0,0.0,14,5,0.04456654456654457,0.12820512820512825,14,0.04456654456654457,0.12820512820512825,4,5
10,3,10,3,10,3,True,10,0,0,0.0,0.0,10,0,0.0,0.0,10,0.0,0.0,4,5
13,5,13,5,18,5,True,13,0,0,0.0,0.0,13,5,0.03619909502262443,0.0980392156862745,13,0.03619909502262443,0.0980392156862745,4,5
14,5,14,5,20,5,True,14,0,0,0.0,0.0,14,6,0.039039907460960074,0.09716599190283404,14,0.039039907460960074,0.09716599190283404,4,5
9,3,9,3,9,3,True,9,0,0,0.0,0.0,9,0,0.0,0.0,9,0.0,0.0,4,5
14,5,14,5,21,5,True,14,0,0,0.0,0.0,14,7,0.046703296703296704,0.10769230769230775,14,0.046703296703296704,0.10769230769230775,4,5
10,3,10,3,10,3,True,10,0,0,0.0,0.0,10,0,0.0,0.0,10,0.0,0.0,4,5
11,5,11,5,20,5,True,11,0,0,0.0,0.0,11,9,0.08755980861244018,0.18947368421052635,11,0.08755980861244018,0.18947368421052635,4,5
10,3,10,3,10,3,True,10,0,0,0.0,0.0,10,0,0.0,0.0,10,0.0,0.0,4,5
11,5,11,5,20,5,True,11,0,0,0.0,0.0,11,9,0.11626794258373206,0.2368421052631579,11,0.11626794258373206,0.2368421052631579,4,5
14,5,14,5,24,5,True,14,0,0,0.0,0.0,14,10,0.09746774964166269,0.2006688963210702,14,0.09746774964166269,0.2006688963210702,4,5
11,5,11,5,20,5,True,11,0,0,0.0,0.0,11,9,0.07894736842105264,0.2368421052631579,11,0.07894736842105264,0.2368421052631579,4,5
7,3,7,3,7,3,True,7,0,0,0.0,0.0,7,0,0.0,0.0,7,0.0,0.0,4,5
15,5,15,5,21,5,True,15,0,0,0.0,0.0,15,6,0.04857142857142857,0.12857142857142856,15,0.04857142857142857,0.12857142857142856,4,5
13,5,13,5,20,5,True,13,0,0,0.0,0.0,13,7,0.04520917678812417,0.10964912280701761,13,0.04520917678812417,0.10964912280701761,4,5
10,3,10,3,10,3,True,10,0,0,0.0,0.0,10,0,0.0,0.0,10,0.0,0.0,4,5
9,3,9,3,9,3,True,9,0,0,0.0,0.0,9,0,0.0,0.0,9,0.0,0.0,4,5
12,5,19,5,19,5,True,12,0,0,0.043350168350168354,0.14141414141414144,12,0,0.07281144781144781,0.14141414141414144,19,0.05847953216374271,0.16666666666666674,4,5
10,3,10,3,10,3,True,10,0,0,0.0,0.0,10,0,0.0,0.0,10,0.0,0.0,4,5
10,3,10,3,10,3,True,10,0,0,0.0,0.0,10,0,0.0,0.0,10,0.0,0.0,4,5
16,5,16,5,26,5,True,16,0,0,0.0,0.0,16,10,0.07083333333333333,0.18666666666666665,16,0.07083333333333333,0.18666666666666665,4,5
15,5,18,5,21,5,True,15,0,0,0.042296918767507,0.19327731092436973,15,3,0.06142857142857142,0.17142857142857143,18,0.08366013071895426,0.36470588235294116,4,5
9,3,9,3,9,3,True,9,0,0,0.0,0.0,9,0,0.0,0.0,9,0.0,0.0,4,5
12,5,12,5,21,5,True,12,0,0,0.0,0.0,12,9,0.08068181818181819,0.1636363636363637,12,0.08068181818181819,0.1636363636363637,4,5
13,5,13,5,20,5,True,13,0,0,0.0,0.0,13,7,0.09109311740890688,0.19298245614035087,13,0.09109311740890688,0.19298245614035087,4,5
14,5,14,5,20,5,True,14,0,0,0.0,0.0,14,6,0.08241758241758243,0.19433198380566807,14,0.08241758241758243,0.19433198380566807,4,5
12,5,19,5,19,5,True,12,0,0,0.043350168350168354,0.14141414141414144,12,0,0.09132996632996633,0.2121212121212121,19,0.08187134502923976,0.2777777777777778,4,5
14,5,14,5,14,5,True,14,0,0,0.0,0.0,14,0,0.0,0.0,14,0.0,0.0,4,5
9,3,9,3,9,3,True,9,0,0,0.0,0.0,9,0,0.0,0.0,9,0.0,0.0,4,5
7,3,7,3,7,3,True,7,0,0,0.0,0.0,7,0,0.0,0.0,7,0.0,0.0,4,5
11,5,11,5,20,5,True,11,0,0,0.0,0.0,11,9,0.07894736842105264,0.18947368421052635,11,0.07894736842105264,0.18947368421052635,4,5
12,5,19,5,19,5,True,12,0,0,0.043350168350168354,0.14141414141414144,12,0,0.09132996632996633,0.2121212121212121,19,0.08187134502923976,0.38888888888888895,4,5
13,5,13,5,18,5,True,13,0,0,0.0,0.0,13,5,0.06334841628959276,0.1715686274509804,13,0.06334841628959276,0.1715686274509804,4,5
11,5,11,5,20,5,True,11,0,0,0.0,0.0,11,9,0.07894736842105264,0.2368421052631579,11,0.07894736842105264,0.2368421052631579,4,5
14,5,14,5,20,5,True,14,0,0,0.0,0.0,14,6,0.08241758241758243,0.19433198380566807,14,0.08241758241758243,0.19433198380566807,4,5
13,5,13,5,18,5,True,13,0,0,0.0,0.0,13,5,0.06334841628959276,0.1715686274509804,13,0.06334841628959276,0.1715686274509804,4,5
13,5,13,5,18,5,True,13,0,0,0.0,0.0,13,5,0.06334841628959276,0.1715686274509804,13,0.06334841628959276,0.1715686274509804,4,5
10,3,10,3,10,3,True,10,0,0,0.0,0.0,10,0,0.0,0.0,10,0.0,0.0,4,5
9,3,9,3,9,3,True,9,0,0,0.0,0.0,9,0,0.0,0.0,9,0.0,0.0,4,5
11,5,11,5,20,5,True,11,0,0,0.0,0.0,11,9,0.07894736842105264,0.18947368421052635,11,0.07894736842105264,0.18947368421052635,4,5
9,3,9,3,9,3,True,9,0,0,0.0,0.0,9,0,0.0,0.0,9,0.0,0.0,4,5
7,3,7,3,7,3,True,7,0,0,0.0,0.0,7,0,0.0,0.0,7,0.0,0.0,4,5
12,5,12,5,17,5,True,12,0,0,0.0,0.0,12,5,0.09232954545454546,0.2272727272727273,12,0.09232954545454546,0.2272727272727273,4,5
15,5,15,5,23,5,True,15,0,0,0.0,0.0,15,8,0.07835497835497836,0.18181818181818177,15,0.07835497835497836,0.18181818181818177,4,5
16,5,16,5,19,5,True,16,0,0,0.0,0.0,16,3,0.04513888888888889,0.1111111111111111,16,0.04513888888888889,0.1111111111111111,4,5
12,5,12,5,20,5,True,12,0,0,0.0,0.0,12,8,0.12041467304625199,0.23923444976076558,12,0.12041467304625199,0.23923444976076558,4,5
13,5,13,5,20,5,True,13,0,0,0.0,0.0,13,7,0.05398110661268555,0.1228070175438597,13,0.05398110661268555,0.1228070175438597,4,5
12,5,19,5,19,5,True,12,0,0,0.043350168350168354,0.14141414141414144,12,0,0.09132996632996633,0.2121212121212121,19,0.08187134502923976,0.2777777777777778,4,5
16,5,16,5,26,5,True,16,0,0,0.0,0.0,16,10,0.09333333333333334,0.1866666666666667,16,0.09333333333333334,0.1866666666666667,4,5
16,6,16,6,31,6,True,16,0,0,0.0,0.0,16,15,0.060416666666666674,0.13333333333333341,16,0.060416666666666674,0.13333333333333341,4,8
14,6,14,6,38,6,True,14,0,0,0.0,0.0,14,24,0.08984258984258986,0.1995841995841996,14,0.08984258984258986,0.1995841995841996,4,8
15,6,15,6,39,6,True,15,0,0,0.0,0.0,15,24,0.12330827067669173,0.3157894736842105,15,0.12330827067669173,0.3157894736842105,4,8
19,8,19,8,72,8,True,19,0,0,0.0,0.0,19,53,0.1770447244872745,0.39984350547730824,19,0.1770447244872745,0.39984350547730824,4,8
32,8,40,8,119,8,True,32,2,2,0.11709057071960297,0.4160463192721257,30,81,0.1639420448332422,0.41470749043192995,38,0.22549120519682517,0.557149065623642,4,8
19,8,19,8,105,8,True,19,0,0,0.0,0.0,19,86,0.12038911381016645,0.3076923076923077,19,0.12038911381016645,0.3076923076923077,4,8
15,6,15,6,36,6,True,15,0,0,0.0,0.0,15,21,0.13047619047619047,0.30000000000000004,15,0.13047619047619047,0.30000000000000004,4,8
27,8,40,8,95,8,True,27,0,2,0.10018993352326687,0.25641025641025644,27,57,0.22507122507122507,0.6350245499181669,38,0.20253682487725042,0.5070921985815602,4,8
32,8,40,8,119,8,True,32,2,2,0.08532361455748554,0.3316790736145575,30,81,0.16597412064880626,0.4688354291962821,38,0.22421029758228686,0.5995219469795741,4,8
18,6,18,6,29,6,True,18,0,0,0.0,0.0,18,11,0.09757236227824465,0.23109243697478998,18,0.09757236227824465,0.23109243697478998,4,8
20,8,20,8,130,8,True,20,0,0,0.0,0.0,20,110,0.10340677274581803,0.19787841697266428,20,0.10340677274581803,0.19787841697266428,4,8
20,8,20,8,94,8,True,20,0,0,0.0,0.0,20,74,0.08200339558573853,0.26598754951895864,20,0.08200339558573853,0.26598754951895864,4,8
16,6,24,6,36,6,True,16,0,0,0.0677536231884058,0.16521739130434776,16,12,0.07142857142857144,0.1428571428571429,24,0.12075569358178055,0.7428571428571429,4,8
37,8,63,8,166,8,True,37,0,0,0.10578320255739611,0.3646953405017921,37,103,0.2214032214032214,0.595959595959596,63,0.2294946391720585,0.6023460410557185,4,8
31,8,54,8,89,8,True,31,2,12,0.1391560154189491,0.6025157232704403,29,47,0.1349791013584117,0.3424242424242424,42,0.16885158866290942,0.6144939965694683,4,8
15,6,15,6,39,6,True,15,0,0,0.0,0.0,15,24,0.11729323308270677,0.3157894736842105,15,0.11729323308270677,0.3157894736842105,4,8
18,6,18,6,37,6,True,18,0,0,0.0,0.0,18,19,0.07961147421931736,0.18627450980392157,18,0.07961147421931736,0.18627450980392157,4,8
16,8,16,8,73,8,True,16,0,0,0.0,0.0,16,57,0.13246527777777778,0.26388888888888884,16,0.13246527777777778,0.26388888888888884,4,8
15,6,15,6,26,6,True,15,0,0,0.0,0.0,15,11,0.08857142857142856,0.21999999999999997,15,0.08857142857142856,0.21999999999999997,4,8
16,8,16,8,73,8,True,16,0,0,0.0,0.0,16,57,0.13246527777777778,0.26388888888888884,16,0.13246527777777778,0.26388888888888884,4,8
18,8,18,8,80,8,True,18,0,0,0.0,0.0,18,62,0.15131959956978572,0.32315711094564403,18,0.15131959956978572,0.32315711094564403,4,8
19,8,19,8,105,8,True,19,0,0,0.0,0.0,19,86,0.1596941070625281,0.3942307692307692,19,0.1596941070625281,0.3942307692307692,4,8
19,8,38,8,83,8,True,19,0,0,0.12209577999051684,0.2852852852852853,19,45,0.15361574668378264,0.3360433604336044,38,0.14034798598341602,0.5319709953856295,4,8
19,8,19,8,102,8,True,19,0,0,0.0,0.0,19,83,0.15329164495396908,0.41309130913091313,19,0.15329164495396908,0.41309130913091313,4,8
22,8,22,8,66,8,True,22,0,0,0.0,0.0,22,44,0.07782217782217783,0.21758241758241764,22,0.07782217782217783,0.21758241758241764,4,8
26,8,51,8,156,8,True,26,0,9,0.08307692307692306,0.20000000000000007,26,114,0.12833746898263027,0.3535483870967743,42,0.1666205837173579,0.42967741935483866,4,8
20,8,20,8,62,8,True,20,0,0,0.0,0.0,20,42,0.12389991371872303,0.28990509059534075,20,0.12389991371872303,0.28990509059534075,4,8
17,8,30,8,54,8,True,17,0,2,0.10065922920892494,0.2521551724137931,17,26,0.12721975582685904,0.2617924528301887,28,0.13811692536481085,0.4729993493819128,4,8
30,8,32,8,98,8,True,30,3,3,0.08461253244345568,0.4082313681868743,27,69,0.13727271530328766,0.4386775684322787,29,0.1236540027292639,0.3834386431659461,4,8
15,6,17,6,25,6,True,15,0,0,0.04107142857142857,0.09821428571428573,15,8,0.10912698412698413,0.26785714285714285,17,0.09803921568627451,0.20833333333333334,4,8
32,8,38,8,157,8,True,32,1,1,0.0681124673060157,0.2824760244115083,31,120,0.15265882227380667,0.4592638544251447,37,0.19554325635406716,0.5168052668052668,4,8
17,6,17,6,38,6,True,17,0,0,0.0,0.0,17,21,0.1077106518282989,0.24831081081081086,17,0.1077106518282989,0.24831081081081086,4,8
22,8,22,8,127,8,True,22,0,0,0.0,0.0,22,105,0.1212121212121212,0.23809523809523808,22,0.1212121212121212,0.23809523809523808,4,8
30,8,32,8,92,8,True,30,3,3,0.09150908416759361,0.3437152391546162,27,63,0.12433160709022778,0.45737021599090566,29,0.13909227591096335,0.35058489897199574,4,8
15,6,15,6,36,6,True,15,0,0,0.0,0.0,15,21,0.14,0.3,15,0.14,0.3,4,8
17,6,18,6,29,6,True,17,1,1,0.0921280276816609,0.39705882352941174,16,12,0.10267857142857142,0.2232142857142857,17,0.11270390509144834,0.3382352941176471,4,8
17,8,17,8,61,8,True,17,0,0,0.0,0.0,17,44,0.1377450980392157,0.36250000000000004,17,0.1377450980392157,0.36250000000000004,4,8
17,6,17,6,38,6,True,17,0,0,0.0,0.0,17,21,0.1077106518282989,0.24831081081081086,17,0.1077106518282989,0.24831081081081086,4,8
15,6,15,6,24,6,True,15,0,0,0.0,0.0,15,9,0.09130434782608694,0.19565217391304346,15,0.09130434782608694,0.19565217391304346,4,8
14,6,17,6,28,6,True,14,0,0,0.04429945054945055,0.10096153846153844,14,11,0.07366707366707367,0.19943019943019946,17,0.09340958605664489,0.22916666666666669,4,8
15,6,17,6,22,6,True,15,0,0,0.04107142857142857,0.09821428571428573,15,5,0.03968253968253967,0.11904761904761901,17,0.0315126050420168,0.0892857142857143,4,8
26,8,29,8,150,8,True,26,0,0,0.029835164835164834,0.07285714285714284,26,121,0.19316468766133196,0.3793288590604027,29,0.19767249644592855,0.41730584851390223,4,8
15,6,17,6,22,6,True,15,0,0,0.03273809523809524,0.08035714285714285,15,5,0.07777777777777777,0.16666666666666666,17,0.06792717086834733,0.19345238095238093,4,8
17,8,17,8,90,8,True,17,0,0,0.0,0.0,17,73,0.17853602115003303,0.4276685393258427,17,0.17853602115003303,0.4276685393258427,4,8
22,8,22,8,110,8,True,22,0,0,0.0,0.0,22,88,0.11106477620239087,0.25775447793796424,22,0.11106477620239087,0.25775447793796424,4,8
19,8,19,8,83,8,True,19,0,0,0.0,0.0,19,64,0.16673798316930535,0.47696476964769646,19,0.16673798316930535,0.47696476964769646,4,8
19,8,40,8,79,8,True,19,0,0,0.11403508771929824,0.27777777777777773,19,39,0.13157894736842105,0.3162393162393163,40,0.1528846153846154,0.5384615384615385,4,8
30,8,32,8,91,8,True,30,3,3,0.0872080088987764,0.3047830923248053,27,62,0.11031644671491414,0.3440613026819923,29,0.1157458904956124,0.39283154121863795,4,8
21,8,29,8,113,8,True,21,0,1,0.07210884353741497,0.17142857142857137,21,85,0.14345238095238094,0.3125,28,0.17793367346938774,0.4107142857142857,4,8
20,8,20,8,99,8,True,20,0,0,0.0,0.0,20,79,0.1537325456498389,0.40547798066595064,20,0.1537325456498389,0.40547798066595064,4,8
22,9,22,9,143,9,True,22,0,0,0.0,0.0,22,121,0.10051216389244559,0.25586854460093894,22,0.10051216389244559,0.25586854460093894,4,11
21,9,21,9,186,9,True,21,0,0,0.0,0.0,21,165,0.13822393822393822,0.35000000000000003,21,0.13822393822393822,0.35000000000000003,4,11
47,9,66,9,246,9,True,47,0,0,0.09355297801181242,0.4341137123745819,47,180,0.2695406747342785,0.6289263531499556,66,0.2738499595642453,0.6803767660910518,4,11
34,11,99,11,520,11,True,34,0,7,0.14235694277711083,0.5337043908472481,34,428,0.209143457698371,0.48695042914696096,92,0.24961276292371684,0.7492430498210845,4,11
33,11,108,11,389,11,True,33,0,9,0.1514797507788162,0.4535630841121495,33,288,0.19771165260855983,0.4642396907216495,99,0.2345338927379586,0.7231910588688698,4,11
36,11,46,11,475,11,True,36,3,4,0.09673721340388006,0.4349206349206349,33,433,0.17444243520192887,0.38637733574442434,42,0.19712678320273255,0.4935302390998594,4,11
35,11,50,11,593,11,True,35,1,1,0.08802949751329105,0.4471788715486194,34,544,0.14593659403347983,0.3617845786963434,49,0.24286755518533942,0.6268615554329839,4,11
25,11,28,11,597,11,True,25,0,0,0.03222222222222221,0.07870370370370366,25,569,0.17020134228187922,0.30732662192393734,28,0.18107489080643444,0.3675118071091225,4,11
20,9,20,9,152,9,True,20,0,0,0.0,0.0,20,132,0.133373997908679,0.3210177762286511,20,0.133373997908679,0.3210177762286511,4,11
43,11,110,11,825,11,True,43,0,3,0.12443232039989027,0.4650502402795981,43,718,0.24603129804642562,0.5392394822006472,107,0.3088663510612351,0.7296138772601763,4,11
27,11,68,11,674,11,True,27,0,0,0.10730535357401029,0.32089552238805974,27,606,0.21713592664558487,0.522745456623614,68,0.34306637427320175,0.719988467765186,4,11
25,11,25,11,770,11,True,25,0,0,0.0,0.0,25,745,0.1837971391417425,0.4090810576506285,25,0.1837971391417425,0.4090810576506285,4,11
32,9,37,9,164,9,True,32,3,3,0.08725358422939068,0.30197132616487454,29,130,0.1341708919931485,0.2691470413615674,34,0.14714403143670557,0.46932515337423314,4,11
12,5,12,5,20,5,True,12,0,0,0.0,0.0,12,8,0.06379585326953748,0.15311004784688997,12,0.06379585326953748,0.15311004784688997,4,11
53,11,83,11,632,11,True,53,3,4,0.10009203865623562,0.47467166979362097,50,553,0.2101383640131659,0.6112702669754968,79,0.23360035110913005,0.7213675544045457,4,11
25,11,25,11,464,11,True,25,0,0,0.0,0.0,25,439,0.17266378689704823,0.3747300215982722,25,0.17266378689704823,0.3747300215982722,4,11
59,11,88,11,310,11,True,59,0,3,0.10062341710500682,0.26436781609195403,59,225,0.22128942933502807,0.5773909161923891,85,0.2556739334501795,0.6231447383104564,4,11
38,9,54,9,231,9,True,38,0,0,0.07488123674816824,0.1795002549719531,38,177,0.21014905065248315,0.5437132784958872,54,0.257636800048613,0.6171452009844135,4,11
34,11,43,11,766,11,True,34,0,0,0.08008658008658008,0.21645021645021645,34,723,0.1815770158330712,0.4392156862745098,43,0.2343973248214014,0.5106442577030813,4,11
35,11,60,11,678,11,True,35,1,1,0.1069790628115653,0.2776669990029911,34,619,0.2003214875314971,0.4592058389086802,59,0.2767846723954517,0.6007811130861478,4,11
45,11,78,11,638,11,True,45,0,0,0.1391053391053391,0.6396103896103896,45,560,0.29712985427271144,0.6486370772085058,78,0.33055772066761074,0.8001998001998002,4,11
40,11,159,11,537,11,True,40,6,6,0.152008276533593,0.38753651411879264,34,384,0.19879251930393282,0.37657864523536166,153,0.2494313614355623,0.7107028150387303,4,11
33,9,48,9,106,9,True,33,3,6,0.10013700838168924,0.21210106382978722,30,64,0.18432539682539684,0.506547619047619,42,0.23117672600955275,0.6062816616008105,4,11
23,9,58,9,92,9,True,19,4,2,0.11063544027532948,0.27910685805422647,19,36,0.14937693885062306,0.32267732267732263,56,0.10261918532595224,0.4139194139194139,4,11
31,9,38,9,136,9,True,31,3,4,0.1082534147050276,0.3486486486486486,28,102,0.14589947089947092,0.3851851851851852,34,0.17779544250132484,0.40200200200200203,4,11
22,11,22,11,741,11,True,22,0,0,0.0,0.0,22,719,0.19104071604071604,0.3701415701415701,22,0.19104071604071604,0.3701415701415701,4,11
26,9,30,9,155,9,True,26,0,0,0.03395225464190981,0.07724137931034486,26,125,0.15892107892107893,0.4161038961038961,30,0.16360650843409463,0.48231079265562016,4,11
25,9,39,9,248,9,True,25,0,1,0.11157894736842104,0.33991228070175433,25,210,0.20642375168690957,0.45546558704453444,38,0.24936075005327082,0.6518218623481782,4,11
24,9,43,9,221,9,True,24,1,2,0.06383712905452037,0.15734989648033126,23,179,0.1896373947413645,0.5513833992094861,41,0.2807359307359307,0.672077922077922,4,11
21,9,21,9,105,9,True,21,0,0,0.0,0.0,21,84,0.0913919413919414,0.1653846153846154,21,0.0913919413919414,0.1653846153846154,4,11
24,7,26,7,74,7,True,24,1,1,0.059710144927536235,0.22260869565217392,23,49,0.11642540849884765,0.26801667659321027,25,0.13293150684931507,0.3978082191780822,4,11
31,11,55,11,609,11,True,31,0,0,0.06750298685782556,0.1592592592592592,31,554,0.23143039049235992,0.5144736842105263,55,0.2875409799751905,0.61817738791423,4,11
27,9,69,9,174,9,True,27,0,3,0.14768728004022122,0.335972850678733,27,108,0.1631754030597961,0.44219653179190754,66,0.1941452093186197,0.5345970758245495,4,11
50,11,216,11,700,11,True,46,1,12,0.2680382162976414,0.608827717133365,49,496,0.3175167237780634,0.6449446731482292,204,0.26038278904069195,0.820421199720531,4,11
25,11,56,11,439,11,True,25,0,1,0.16078787878787879,0.3992424242424243,25,384,0.20260273972602738,0.45890410958904104,55,0.25011736291935543,0.8816106268161062,4,11
23,9,23,9,196,9,True,23,0,0,0.0,0.0,23,173,0.1845444410661802,0.3724941724941725,23,0.1845444410661802,0.3724941724941725,4,11
39,11,73,11,412,11,True,39,3,3,0.11836482231219073,0.3516081871345029,36,342,0.1583002518461604,0.33941605839416056,70,0.2483084231259414,0.7589213300892134,4,11
63,11,105,11,464,11,True,63,0,3,0.12728445389735712,0.5756823821339949,63,362,0.26147788361262897,0.5927680624259737,102,0.2453026608550049,0.6158830370493438,4,11
37,11,41,11,662,11,True,37,3,4,0.17394894894894894,0.46111111111111114,34,625,0.18309058368682823,0.37401243906538917,37,0.23886412887925748,0.6031013615733737,4,11
81,11,253,11,740,11,True,81,0,4,0.22391240446796004,0.4922619047619048,81,490,0.3155047695417565,0.7569519621109608,249,0.24632477544259992,0.7069559894323089,4,11
21,9,21,9,147,9,True,21,0,0,0.0,0.0,21,126,0.14833659491193738,0.45136986301369864,21,0.14833659491193738,0.45136986301369864,4,11
26,7,32,7,79,7,True,26,0,0,0.046749379652605456,0.10064516129032264,26,47,0.15660749506903351,0.3630769230769231,32,0.1403406741108354,0.4272125723738627,4,11
55,11,76,11,845,11,True,55,3,3,0.10808080808080808,0.4318518518518519,52,772,0.2906050417898759,0.6499912234509391,73,0.3171410331320738,0.7377883096366509,4,11
31,11,53,11,772,11,True,31,1,1,0.10078577336641853,0.2730769230769231,30,720,0.2227150886294855,0.5241245136186771,52,0.30461668930690183,0.6228424623366258,4,11
36,11,49,11,469,11,True,36,3,4,0.11175595238095237,0.37559523809523815,33,424,0.18515003515003517,0.4715506715506716,45,0.20549620132953467,0.514957264957265,4,11
41,9,53,9,242,9,True,41,0,0,0.07786116322701687,0.2865384615384615,41,189,0.23285092601963364,0.6794605809128631,53,0.25181422351233673,0.7371528886051708,4,11
28,9,35,9,157,9,True,28,1,1,0.04069405539993775,0.08387799564270149,27,123,0.15379339453413526,0.30626780626780625,34,0.18422278413627896,0.503393665158371,4,11
36,11,129,11,818,11,True,36,0,0,0.12398933531746031,0.4122767857142857,36,690,0.24552660721571373,0.5425074313691205,128,0.30926834909539475,0.7886417533659731,4,11
30,11,34,11,541,11,True,30,0,0,0.029815395332636715,0.06687565308254961,30,507,0.18893997445721583,0.3938697318007663,34,0.20200039611804319,0.4565656565656565,4,11
25,11,25,11,791,11,True,25,0,0,0.0,0.0,25,766,0.20053164556962025,0.40105485232067517,25,0.20053164556962025,0.40105485232067517,4,11
9,3,9,3,9,3,True,9,0,0,0.0,0.0,9,0,0.0,0.0,9,0.0,0.0,6,5
10,3,10,3,10,3,True,10,0,0,0.0,0.0,10,0,0.0,0.0,10,0.0,0.0,6,5
9,3,9,3,9,3,True,9,0,0,0.0,0.0,9,0,0.0,0.0,9,0.0,0.0,6,5
9,3,9,3,9,3,True,9,0,0,0.0,0.0,9,0,0.0,0.0,9,0.0,0.0,6,5
14,5,14,5,21,5,True,14,0,0,0.0,0.0,14,7,0.09807692307692306,0.24230769230769234,14,0.09807692307692306,0.24230769230769234,6,5
14,5,14,5,22,5,True,14,0,0,0.0,0.0,14,8,0.059392987964416534,0.14652014652014655,14,0.059392987964416534,0.14652014652014655,6,5
8,3,8,3,8,3,True,8,0,0,0.0,0.0,8,0,0.0,0.0,8,0.0,0.0,6,5
8,3,8,3,8,3,True,8,0,0,0.0,0.0,8,0,0.0,0.0,8,0.0,0.0,6,5
14,5,14,5,21,5,True,14,0,0,0.0,0.0,14,7,0.0695054945054945,0.18846153846153846,14,0.0695054945054945,0.18846153846153846,6,5
11,5,11,5,11,5,True,11,0,0,0.0,0.0,11,0,0.0,0.0,11,0.0,0.0,6,5
12,5,19,5,19,5,True,12,0,0,0.08164983164983165,0.2121212121212121,12,0,0.08164983164983165,0.2121212121212121,19,0.0,0.0,6,5
14,5,14,5,25,5,True,14,0,0,0.0,0.0,14,11,0.08608058608058608,0.21153846153846156,14,0.08608058608058608,0.21153846153846156,6,5
15,5,18,5,21,5,True,15,0,0,0.06526610644257703,0.19327731092436973,15,3,0.05714285714285714,0.15000000000000002,18,0.05964052287581699,0.2147058823529412,6,5
14,5,14,5,22,5,True,14,0,0,0.0,0.0,14,8,0.059392987964416534,0.14652014652014655,14,0.059392987964416534,0.14652014652014655,6,5
9,3,9,3,9,3,True,9,0,0,0.0,0.0,9,0,0.0,0.0,9,0.0,0.0,6,5
15,5,15,5,15,5,True,15,0,0,0.0,0.0,15,0,0.0,0.0,15,0.0,0.0,6,5
15,5,15,5,20,5,True,15,0,0,0.0,0.0,15,5,0.07644110275689223,0.18796992481203006,15,0.07644110275689223,0.18796992481203006,6,5
12,5,19,5,15,5,True,12,0,4,0.08164983164983165,0.2121212121212121,12,0,0.05032467532467533,0.11688311688311687,15,0.0656084656084656,0.16666666666666669,6,5
12,5,19,5,19,5,True,12,0,0,0.08164983164983165,0.2121212121212121,12,0,0.08164983164983165,0.2121212121212121,19,0.0,0.0,6,5
16,5,16,5,16,5,True,16,0,0,0.0,0.0,16,0,0.0,0.0,16,0.0,0.0,6,5
14,5,14,5,19,5,True,14,0,0,0.0,0.0,14,5,0.07020757020757021,0.17094017094017094,14,0.07020757020757021,0.17094017094017094,6,5
12,5,19,5,19,5,True,12,0,0,0.06355218855218854,0.14141414141414144,12,0,0.06355218855218854,0.14141414141414144,19,0.0,0.0,6,5
15,5,18,5,21,5,True,15,0,0,0.04733893557422968,0.19327731092436973,15,3,0.04142857142857143,0.10714285714285715,18,0.09346405228758171,0.3058823529411765,6,5
15,5,18,5,21,5,True,15,0,0,0.042296918767507,0.19327731092436973,15,3,0.04142857142857143,0.10714285714285715,18,0.0669934640522876,0.2147058823529412,6,5
15,5,15,5,21,5,True,15,0,0,0.0,0.0,15,6,0.05,0.09999999999999998,15,0.05,0.09999999999999998,6,5
14,5,14,5,24,5,True,14,0,0,0.0,0.0,14,10,0.08193979933110367,0.16722408026755853,14,0.08193979933110367,0.16722408026755853,6,5
14,5,14,5,24,5,True,14,0,0,0.0,0.0,14,10,0.10989010989010987,0.26755852842809363,14,0.10989010989010987,0.26755852842809363,6,5
15,5,15,5,15,5,True,15,0,0,0.0,0.0,15,0,0.0,0.0,15,0.0,0.0,6,5
14,5,14,5,19,5,True,14,0,0,0.0,0.0,14,5,0.0641025641025641,0.12820512820512825,14,0.0641025641025641,0.12820512820512825,6,5
15,5,15,5,21,5,True,15,0,0,0.0,0.0,15,6,0.08714285714285715,0.2142857142857143,15,0.08714285714285715,0.2142857142857143,6,5
16,5,16,5,25,5,True,16,0,0,0.0,0.0,16,9,0.06406250000000001,0.17500000000000004,16,0.06406250000000001,0.17500000000000004,6,5
16,5,16,5,25,5,True,16,0,0,0.0,0.0,16,9,0.04062500000000001,0.10000000000000009,16,0.04062500000000001,0.10000000000000009,6,5
9,3,9,3,9,3,True,9,0,0,0.0,0.0,9,0,0.0,0.0,9,0.0,0.0,6,5
10,3,10,3,10,3,True,10,0,0,0.0,0.0,10,0,0.0,0.0,10,0.0,0.0,6,5
14,5,14,5,21,5,True,14,0,0,0.0,0.0,14,7,0.0684065934065934,0.18846153846153846,14,0.0684065934065934,0.18846153846153846,6,5
15,5,15,5,23,5,True,15,0,0,0.0,0.0,15,8,0.07705627705627706,0.1558441558441559,15,0.07705627705627706,0.1558441558441559,6,5
8,3,8,3,8,3,True,8,0,0,0.0,0.0,8,0,0.0,0.0,8,0.0,0.0,6,5
12,5,19,5,17,5,True,12,0,2,0.08164983164983165,0.2121212121212121,12,0,0.07007575757575758,0.17045454545454547,17,0.026143790849673203,0.05555555555555558,6,5
10,3,10,3,10,3,True,10,0,0,0.0,0.0,10,0,0.0,0.0,10,0.0,0.0,6,5
14,5,14,5,25,5,True,14,0,0,0.0,0.0,14,11,0.10393772893772893,0.21153846153846156,14,0.10393772893772893,0.21153846153846156,6,5
8,3,8,3,8,3,True,8,0,0,0.0,0.0,8,0,0.0,0.0,8,0.0,0.0,6,5
8,3,8,3,8,3,True,8,0,0,0.0,0.0,8,0,0.0,0.0,8,0.0,0.0,6,5
10,3,10,3,10,3,True,10,0,0,0.0,0.0,10,0,0.0,0.0,10,0.0,0.0,6,5
16,5,16,5,22,5,True,16,0,0,0.0,0.0,16,6,0.05059523809523808,0.1333333333333333,16,0.05059523809523808,0.1333333333333333,6,5
15,5,15,5,23,5,True,15,0,0,0.0,0.0,15,8,0.07835497835497836,0.18181818181818182,15,0.07835497835497836,0.18181818181818182,6,5
13,5,13,5,19,5,True,13,0,0,0.0,0.0,13,6,0.0811965811965812,0.19444444444444448,13,0.0811965811965812,0.19444444444444448,6,5
14,5,14,5,25,5,True,14,0,0,0.0,0.0,14,11,0.08608058608058608,0.21153846153846156,14,0.08608058608058608,0.21153846153846156,6,5
16,5,16,5,25,5,True,16,0,0,0.0,0.0,16,9,0.06406250000000001,0.175,16,0.06406250000000001,0.175,6,5
15,5,15,5,21,5,True,15,0,0,0.0,0.0,15,6,0.07857142857142857,0.1928571428571429,15,0.07857142857142857,0.1928571428571429,6,5
16,5,16,5,22,5,True,16,0,0,0.0,0.0,16,6,0.05059523809523808,0.1333333333333333,16,0.05059523809523808,0.1333333333333333,6,5
16,6,16,6,30,6,True,16,0,0,0.0,0.0,16,14,0.08132183908045977,0.22528735632183908,16,0.08132183908045977,0.22528735632183908,6,8
18,6,18,6,43,6,True,18,0,0,0.0,0.0,18,25,0.09041394335511982,0.2100840336134454,18,0.09041394335511982,0.2100840336134454,6,8
19,6,19,6,31,6,True,19,0,0,0.0,0.0,19,12,0.06549707602339183,0.15555555555555556,19,0.06549707602339183,0.15555555555555556,6,8
19,6,19,6,46,6,True,19,0,0,0.0,0.0,19,27,0.08596491228070176,0.23333333333333334,19,0.08596491228070176,0.23333333333333334,6,8
43,8,85,8,88,8,True,43,6,31,0.14977851605758583,0.4404761904761905,37,34,0.13633337771268805,0.5779967159277504,54,0.1850483488414523,0.638752052545156,6,8
17,6,27,6,25,6,True,17,0,5,0.0661764705882353,0.14423076923076922,17,3,0.0661764705882353,0.125,22,0.045745920745920744,0.17948717948717952,6,8
18,6,18,6,29,6,True,18,0,0,0.0,0.0,18,11,0.09512138188608778,0.20798319327731096,18,0.09512138188608778,0.20798319327731096,6,8
23,8,23,8,44,8,True,23,0,0,0.0,0.0,23,21,0.12229984373563747,0.28858350951374206,23,0.12229984373563747,0.28858350951374206,6,8
24,8,24,8,74,8,True,24,0,0,0.0,0.0,24,50,0.16227417113361126,0.3871351995235259,24,0.16227417113361126,0.3871351995235259,6,8
21,8,21,8,112,8,True,21,0,0,0.0,0.0,21,91,0.14011154011154012,0.3698198198198199,21,0.14011154011154012,0.3698198198198199,6,8
20,8,20,8,99,8,True,20,0,0,0.0,0.0,20,79,0.1375671321160043,0.322234156820623,20,0.1375671321160043,0.322234156820623,6,8
25,8,43,8,168,8,True,25,1,1,0.09619047619047619,0.32142857142857145,24,126,0.15652029274783766,0.3091317365269461,42,0.2470263554523606,0.6062161391502708,6,8
17,6,17,6,32,6,True,17,0,0,0.0,0.0,17,15,0.12666034155597725,0.3024193548387097,17,0.12666034155597725,0.3024193548387097,6,8
24,8,24,8,94,8,True,24,0,0,0.0,0.0,24,70,0.1625370110643603,0.36044880785413747,24,0.1625370110643603,0.36044880785413747,6,8
23,8,23,8,152,8,True,23,0,0,0.0,0.0,23,129,0.12832761824987565,0.2748344370860927,23,0.12832761824987565,0.2748344370860927,6,8
14,6,24,6,29,6,True,14,0,0,0.08791208791208792,0.20066889632107027,14,5,0.09556514913657772,0.20604395604395606,24,0.04858954451345756,0.2360248447204969,6,8
23,8,23,8,49,8,True,23,0,0,0.0,0.0,23,26,0.05591238471673254,0.1477272727272727,23,0.05591238471673254,0.1477272727272727,6,8
20,8,45,8,98,8,True,20,0,0,0.14007177033492824,0.32894736842105265,20,53,0.16413456321215408,0.3727618014107434,45,0.16359470998646256,0.5850515463917526,6,8
18,8,33,8,58,8,True,18,0,0,0.10947712418300654,0.2757352941176471,18,25,0.13845889232886138,0.3715170278637771,33,0.1332402977139819,0.4029605263157895,6,8
22,8,22,8,65,8,True,22,0,0,0.0,0.0,22,43,0.11113365800865802,0.2879464285714286,22,0.11113365800865802,0.2879464285714286,6,8
16,6,16,6,27,6,True,16,0,0,0.0,0.0,16,11,0.046314102564102566,0.11282051282051281,16,0.046314102564102566,0.11282051282051281,6,8
19,8,19,8,89,8,True,19,0,0,0.0,0.0,19,70,0.16208133971291866,0.3535353535353535,19,0.16208133971291866,0.3535353535353535,6,8
22,8,28,8,100,8,True,22,0,0,0.0606060606060606,0.14814814814814814,22,72,0.11734225370589008,0.3203463203463203,28,0.13564213564213562,0.4579124579124579,6,8
24,8,26,8,70,8,True,24,2,3,0.13065217391304348,0.37913043478260866,22,47,0.1297760210803689,0.28985507246376807,23,0.14379332073093887,0.4295652173913044,6,8
25,8,25,8,75,8,True,25,3,3,0.14,0.4166666666666667,22,53,0.1274058149058149,0.2702702702702703,22,0.13498157248157247,0.4335585585585585,6,8
29,8,33,8,76,8,True,29,1,1,0.08128078817733989,0.3080357142857143,28,44,0.05738095238095238,0.15666666666666668,32,0.10152343750000001,0.4425,6,8
22,8,22,8,92,8,True,22,0,0,0.0,0.0,22,70,0.12537462537462538,0.30402930402930406,22,0.12537462537462538,0.30402930402930406,6,8
20,8,20,8,57,8,True,20,0,0,0.0,0.0,20,37,0.1579887218045113,0.343984962406015,20,0.1579887218045113,0.343984962406015,6,8
25,8,25,8,100,8,True,25,0,0,0.0,0.0,25,75,0.15121212121212121,0.35353535353535354,25,0.15121212121212121,0.35353535353535354,6,8
16,6,22,6,21,6,True,16,0,1,0.06785714285714285,0.17142857142857137,16,0,0.0625,0.15000000000000002,21,0.06462585034013604,0.2619047619047619,6,8
22,8,22,8,94,8,True,22,0,0,0.0,0.0,22,72,0.1579388353581902,0.33640552995391704,22,0.1579388353581902,0.33640552995391704,6,8
17,6,17,6,31,6,True,17,0,0,0.0,0.0,17,14,0.13284313725490196,0.2625,17,0.13284313725490196,0.2625,6,8
22,8,22,8,193,8,True,22,0,0,0.0,0.0,22,171,0.15351055194805194,0.37723214285714285,22,0.15351055194805194,0.37723214285714285,6,8
19,6,19,6,46,6,True,19,0,0,0.0,0.0,19,27,0.13157894736842105,0.23333333333333334,19,0.13157894736842105,0.23333333333333334,6,8
20,8,20,8,80,8,True,20,0,0,0.0,0.0,20,60,0.2222518321119254,0.5216522318454364,20,0.2222518321119254,0.5216522318454364,6,8
22,8,22,8,111,8,True,22,0,0,0.0,0.0,22,89,0.12823691460055098,0.26969696969696977,22,0.12823691460055098,0.26969696969696977,6,8
18,8,33,8,58,8,True,18,0,0,0.10386029411764706,0.2757352941176471,18,25,0.15382410274051142,0.3715170278637771,33,0.1888290802764487,0.7269736842105263,6,8
26,8,29,8,198,8,True,26,0,0,0.05972527472527473,0.25571428571428567,26,169,0.19365091761030848,0.36771573604060914,29,0.20902202995674027,0.5358955765047135,6,8
23,8,58,8,106,8,True,23,0,2,0.14114832535885166,0.37320574162679426,23,50,0.1763786937699981,0.4437229437229437,56,0.13822950232724668,0.45814536340852124,6,8
25,8,25,8,61,8,True,25,0,0,0.0,0.0,25,36,0.086,0.19999999999999996,25,0.086,0.19999999999999996,6,8
17,8,17,8,60,8,True,17,0,0,0.0,0.0,17,43,0.15727816550348955,0.3305084745762712,17,0.15727816550348955,0.3305084745762712,6,8
25,8,25,8,122,8,True,25,0,0,0.0,0.0,25,97,0.19506887052341595,0.43422865013774103,25,0.19506887052341595,0.43422865013774103,6,8
21,8,21,8,95,8,True,21,0,0,0.0,0.0,21,74,0.09381965552178319,0.21489361702127663,21,0.09381965552178319,0.21489361702127663,6,8
16,6,16,6,42,6,True,16,0,0,0.0,0.0,16,26,0.10487804878048781,0.19186991869918701,16,0.10487804878048781,0.19186991869918701,6,8
20,6,30,6,43,6,True,20,0,5,0.13030852994555353,0.49546279491833023,20,18,0.10018796992481202,0.2543859649122807,25,0.13681444991789818,0.5205254515599342,6,8
19,8,19,8,87,8,True,19,0,0,0.0,0.0,19,68,0.1401468788249694,0.3074935400516795,19,0.1401468788249694,0.3074935400516795,6,8
19,8,19,8,97,8,True,19,0,0,0.0,0.0,19,78,0.15679824561403508,0.36111111111111105,19,0.15679824561403508,0.36111111111111105,6,8
20,8,45,8,92,8,True,20,0,0,0.14007177033492824,0.32894736842105265,20,47,0.16096009253903992,0.4031231925968768,45,0.12726162726162726,0.5961538461538461,6,8
22,8,22,8,86,8,True,22,0,0,0.0,0.0,22,64,0.13404634581105168,0.25098039215686274,22,0.13404634581105168,0.25098039215686274,6,8
32,8,35,8,131,8,True,32,3,3,0.05238970588235294,0.2125237191650854,29,99,0.09202532728672884,0.20719602977667492,32,0.12680995475113122,0.41402714932126694,6,8
42,9,89,9,151,9,True,42,2,14,0.15053188681237462,0.5221729490022173,40,76,0.1420081300813008,0.4385365853658537,75,0.15551313131313133,0.4556060606060606,6,11
47,9,118,9,150,9,True,47,2,23,0.188235805719617,0.4834633965068748,45,55,0.17622150893233474,0.6349576889407645,95,0.17435957817448458,0.7064762232547467,6,11
24,9,24,9,81,9,True,24,0,0,0.0,0.0,24,57,0.14184782608695654,0.37173913043478257,24,0.14184782608695654,0.37173913043478257,6,11
33,9,65,9,395,9,True,33,0,6,0.10558712121212122,0.265625,33,336,0.23951122904168587,0.5461611675126904,59,0.26097231781811925,0.6867861675126904,6,11
27,9,27,9,97,9,True,27,0,0,0.0,0.0,27,70,0.10458214624881292,0.2203525641025641,27,0.10458214624881292,0.2203525641025641,6,11
28,11,28,11,647,11,True,28,0,0,0.0,0.0,28,619,0.15304191852179466,0.43458319000114665,28,0.15304191852179466,0.43458319000114665,6,11
30,11,30,11,910,11,True,30,0,0,0.0,0.0,30,880,0.23211941883843557,0.5620424111376655,30,0.23211941883843557,0.5620424111376655,6,11
24,9,24,9,91,9,True,24,0,0,0.0,0.0,24,67,0.13480273752012883,0.30772946859903383,24,0.13480273752012883,0.30772946859903383,6,11
34,9,44,9,181,9,True,34,0,3,0.05577664469593334,0.3128964059196617,34,140,0.2186423054070113,0.5474747474747474,41,0.1822934392134619,0.515374677002584,6,11
34,11,52,11,559,11,True,34,0,9,0.04215162000629129,0.22816399286987524,34,516,0.1829394514404002,0.38807429130009774,43,0.1688731006280982,0.3542061986084757,6,11
28,9,90,9,94,9,True,28,0,21,0.12634504488437073,0.25010403662089054,28,25,0.1342379245605052,0.3464755077658303,69,0.12138928723387492,0.4433973661954814,6,11
48,11,50,11,959,11,True,48,3,3,0.08979229989868287,0.33999131567520624,45,912,0.1209266744646303,0.35197441478257,47,0.17401691720973914,0.5159984661923225,6,11
38,11,60,11,1224,11,True,38,1,1,0.09511295416736987,0.2418689876316995,37,1164,0.19937083666062033,0.519413935603633,59,0.28837565355957573,0.677453330931164,6,11
29,11,29,11,223,11,True,29,0,0,0.0,0.0,29,194,0.19478098788443615,0.4932432432432432,29,0.19478098788443615,0.4932432432432432,6,11
35,11,60,11,1673,11,True,35,0,6,0.10712149266486255,0.3330009970089731,35,1619,0.22084958385267983,0.5544610188573037,54,0.25084419124338836,0.7208458356986457,6,11
34,11,68,11,1483,11,True,34,1,1,0.15412243594859926,0.4758028041610131,33,1416,0.2271593372071841,0.513986013986014,67,0.33854024337193717,0.7363889056740588,6,11
32,11,32,11,393,11,True,32,0,0,0.0,0.0,32,361,0.11516622778143515,0.3415898617511521,32,0.11516622778143515,0.3415898617511521,6,11
28,11,61,11,465,11,True,28,0,0,0.16805555555555557,0.4074074074074074,28,404,0.2402532612661923,0.5183588761174969,61,0.257424156774072,0.7423850574712644,6,11
16,7,29,7,42,7,True,16,0,0,0.09092261904761904,0.24761904761904763,16,13,0.11504065040650406,0.29593495934959346,29,0.11588369578277063,0.4329268292682927,6,11
29,11,29,11,316,11,True,29,0,0,0.0,0.0,29,287,0.19589490968801312,0.45952380952380956,29,0.19589490968801312,0.45952380952380956,6,11
25,9,51,9,200,9,True,25,0,0,0.11320000000000001,0.2383333333333333,25,149,0.18825795644891122,0.3607621440536013,51,0.251892797319933,0.6595979899497487,6,11
66,11,84,11,1585,11,True,66,3,4,0.05781447468194456,0.17961075069508803,63,1505,0.22603553853553854,0.6622377622377623,80,0.2617115241268103,0.6501840696117804,6,11
32,9,47,9,320,9,True,32,1,1,0.08263937587657784,0.2545582047685835,31,274,0.12798515130855723,0.3459399332591769,46,0.22001351103104574,0.5506337740220799,6,11
34,9,44,9,149,9,True,34,0,3,0.05577664469593334,0.3128964059196617,34,108,0.20736980295803825,0.5282555282555282,41,0.16198969814965278,0.4709302325581395,6,11
29,11,29,11,217,11,True,29,0,0,0.0,0.0,29,188,0.16212826126619231,0.3108465608465608,29,0.16212826126619231,0.3108465608465608,6,11
36,11,45,11,488,11,True,36,3,3,0.1053932178932179,0.31103896103896106,33,444,0.16757246859916264,0.39982399530654156,42,0.21002782296416794,0.5664084375583349,6,11
24,9,24,9,89,9,True,24,0,0,0.0,0.0,24,65,0.1282526350461133,0.23764822134387348,24,0.1282526350461133,0.23764822134387348,6,11
21,9,21,9,119,9,True,21,0,0,0.0,0.0,21,98,0.18442292171105729,0.37372881355932197,21,0.18442292171105729,0.37372881355932197,6,11
31,11,31,11,560,11,True,31,0,0,0.0,0.0,31,529,0.14203358531940677,0.2838998211091235,31,0.14203358531940677,0.2838998211091235,6,11
40,11,48,11,377,11,True,40,3,3,0.06436170212765957,0.3862520458265139,37,331,0.1681098037481016,0.344721767594108,45,0.20585106382978724,0.5398936170212766,6,11
31,11,31,11,1238,11,True,31,0,0,0.0,0.0,31,1205,0.24296989768865013,0.5452169226623551,31,0.24296989768865013,0.5452169226623551,6,11
29,11,29,11,349,11,True,29,0,0,0.0,0.0,29,320,0.16618538021629578,0.40804597701149425,29,0.16618538021629578,0.40804597701149425,6,11
35,9,40,9,151,9,True,35,3,3,0.15524671407024349,0.40573152337858215,32,114,0.1488970588235294,0.36549019607843136,37,0.1666943866943867,0.4943589743589744,6,11
30,11,30,11,621,11,True,30,0,0,0.0,0.0,30,591,0.13525398591027069,0.26479421579532814,30,0.13525398591027069,0.26479421579532814,6,11
25,9,25,9,91,9,True,25,0,0,0.0,0.0,25,66,0.18555555555555558,0.44999999999999996,25,0.18555555555555558,0.44999999999999996,6,11
22,9,44,9,186,9,True,22,0,2,0.13953488372093023,0.3410852713178294,22,144,0.1832923832923833,0.3866151866151866,42,0.23407261081679687,0.677184160905091,6,11
23,9,23,9,161,9,True,23,0,0,0.0,0.0,23,138,0.1480978260869565,0.3920454545454546,23,0.1480978260869565,0.3920454545454546,6,11
25,9,25,9,105,9,True,25,0,0,0.0,0.0,25,80,0.21576923076923077,0.4391025641025641,25,0.21576923076923077,0.4391025641025641,6,11
37,11,82,11,391,11,True,37,1,3,0.13063063063063063,0.39197530864197533,36,312,0.13002136752136753,0.32948717948717954,79,0.23270102299638165,0.6905982905982906,6,11
31,11,31,11,777,11,True,31,0,0,0.0,0.0,31,746,0.14778849351513138,0.29432989690721656,31,0.14778849351513138,0.29432989690721656,6,11
30,11,74,11,819,11,True,30,1,2,0.14408754526846168,0.33254605573925367,29,747,0.20305027487942226,0.4739903886687463,72,0.28873114624152907,0.8146163378772148,6,11
41,11,52,11,851,11,True,41,0,6,0.1130081300813008,0.36519607843137253,41,804,0.19365853658536583,0.4188235294117647,46,0.17107416879795395,0.49764705882352944,6,11
32,11,32,11,660,11,True,32,0,0,0.0,0.0,32,628,0.2700113808801214,0.48935337020901654,32,0.2700113808801214,0.48935337020901654,6,11
39,11,165,11,983,11,True,39,0,7,0.19438135676903326,0.5028883183568678,39,825,0.27173605327748324,0.5884875120591704,158,0.31810329053559944,0.8209850479360191,6,11
39,11,77,11,910,11,True,39,0,0,0.17543859649122806,0.5657894736842104,39,833,0.29212523141652896,0.8824619304035666,77,0.29888063994369357,0.8408748769613803,6,11
35,11,42,11,809,11,True,35,1,1,0.04957983193277312,0.11047345767575323,34,768,0.23249554626742952,0.5066249271986023,41,0.25630297265300594,0.5655638734605167,6,11
30,11,30,11,495,11,True,30,0,0,0.0,0.0,30,465,0.1471310903252827,0.3617199497417284,30,0.1471310903252827,0.3617199497417284,6,11
81,11,153,11,836,11,True,81,5,11,0.13278102664067576,0.4434210526315789,76,694,0.2513433658997794,0.5951347305389222,142,0.2751459275666606,0.7815868263473054,6,11
28,11,28,11,903,11,True,28,0,0,0.0,0.0,28,874,0.21328851816656694,0.4808655662314199,28,0.21328851816656694,0.4808655662314199,6,11
62,11,90,11,1034,11,True,62,6,10,0.09475992133048919,0.5008288819303739,56,954,0.23993291633699168,0.6662593433101106,80,0.274511214201029,0.7719960407670471,6,11
